well_i,avg_hz_spacing_ft,avg_vt_spacing_ft,neighbors_considered,adjacency_coverage_i_pct
30025410040100,933.5077229485545,23.61250000000109,1,1.0
30025421210000,1107.525915153003,26.04449999999906,1,0.999413416711063
30025426220000,1107.5393301181712,26.04449999999906,1,0.9867462699910002
30025428730000,,,0,
30025437350100,,,0,
30025437530100,863.9912079712425,63.72199999999975,1,0.9999318390647379
30025437540100,,,0,
30025440380100,,,0,
30025449160000,1092.4587808280828,18.165000000000873,1,0.9771640874289413
30025451290000,,,0,
30025453730000,,,0,
30025453890000,,,0,
30025455300000,,,0,
30025456190000,,,0,
30025459330000,,,0,
30025463300000,1092.927904625629,18.165000000000873,1,0.9966713129700215
30025464820000,960.466866914098,37.332722612368826,2,1.0
30025468380000,995.5393233637509,4.480500000000575,1,0.9999999999999998
30025474750100,1031.8117562152688,8.384499999999207,1,0.9955267450161256
30025487440000,787.7224733871484,2.714499999999134,1,0.9167759132903748
30025489820000,902.1690927057168,18.12083417165724,2,1.0
30025494170000,997.9436391850197,4.6876993400497815,2,1.0
30025494180000,964.5568735370811,20.95895090797248,2,1.0
30025494190000,,,0,
30025494800000,1031.8292621064274,8.384499999999207,1,0.9886273898724134
30025494810100,,,0,
30025497080000,759.3031390300296,11.125500000000102,1,0.9860571000885614
30025497750000,,,0,
30025503690000,933.376058237309,23.61250000000109,1,0.7910160226035565
30025507270000,808.02761520687,2.6350000000002183,1,0.9910045539108119
30025507280000,835.176105042638,32.33987686942622,2,1.0
30025507540000,,,0,
30025507790000,859.7582349385021,9.121434369475647,2,1.0
30025507800000,858.4684970215758,3.3343413806195845,2,1.0
30025508220000,,,0,
30025510030000,,,0,
30025511130000,816.5683086050827,17.43522214210685,2,1.0
30025511140000,746.9110888240956,23.224999999999454,1,0.9967510266568521
30025513840000,,,0,
30025516390000,886.6137191443271,5.8602567260184495,2,1.0
30025516420000,1013.4667201568301,0.6050000000004729,1,1.0
30025517710000,987.6448389841166,23.913000000000466,1,0.9856670064237738
42003002890200,,,0,
42003029150100,1035.2118276478705,18.68094158799141,2,1.0
42003029190100,655.1279714844203,9.108052092559818,2,1.0
42003029190200,876.8888857501677,8.79693003467074,2,1.0
42003029720300,,,0,
42003034550100,,,0,
42003034730100,,,0,
42003051650100,,,0,
42003064470100,,,0,
42003377470100,,,0,
42003385010200,,,0,
42003385790000,,,0,
42003385890300,,,0,
42003391530300,,,0,
42003393990000,,,0,
42003395400000,,,0,
42003408300000,,,0,
42003412620000,1275.6836116137367,20.61499999999978,1,0.9992410633415141
42003413300100,939.5919759282566,15.159999999999854,1,0.9996743952527746
42003413310000,1008.9829981895828,7.235000000000582,1,0.9999999999999996
42003416050000,1275.6841882977435,20.61499999999978,1,0.830236362194297
42003416510100,,,0,
42003417200000,,,0,
42003418440000,,,0,
42003419010000,1139.2889117411298,12.155000000000655,1,0.30172007838940146
42003425200000,1201.5023492598068,85.9399999999996,1,0.8787690721321919
42003425500000,828.599208627114,34.20486183337191,2,1.0
42003427170000,1006.0465642120159,7.235000000000582,1,0.7319470012813951
42003427270000,1138.482973225475,73.69000000000051,1,0.9999999999999996
42003428760000,878.3132530092373,37.92117275944351,2,1.0
42003429530000,995.3841793318692,47.36499999999978,1,0.9994385375081599
42003429970000,1235.0886029464277,16.69500000000062,1,0.9999999999999998
42003430790000,1023.6717618066169,75.75606885053615,2,1.0
42003431700100,,,0,
42003432630000,859.9627875427772,69.02916060137312,2,1.0
42003434610100,,,0,
42003434710000,,,0,
42003434750000,,,0,
42003437630000,,,0,
42003438450000,1020.7272010613557,125.35673332862423,2,1.0
42003438800000,,,0,
42003439010000,,,0,
42003439180100,,,0,
42003439510100,,,0,
42003440220100,,,0,
42003440470000,902.0737752235243,85.00902882750636,2,1.0
42003440480000,1186.574028497535,73.01000000000022,1,0.9999999999999998
42003441040000,1229.3401967490906,46.63466493216113,2,1.0
42003441220000,,,0,
42003442240000,1252.1171989331672,14.444999999999709,1,0.9266116177891184
42003442270000,1142.0563568392542,32.258860843869606,2,1.0
42003442780000,,,0,
42003443470000,1142.116962039334,18.220000000000255,1,1.0
42003443480000,1164.7297898404897,29.595000000000255,1,0.9793832836087554
42003443630000,734.1908785700246,2.0349379478145653,2,1.0
42003443637000,593.3348380201452,3.9825000000000723,2,1.0
42003443950000,1126.1188659706547,42.36499999999978,1,0.9901508819897974
42003444430000,,,0,
42003444620000,897.9852047416457,35.48659036363388,2,1.0
42003445740000,,,0,
42003446000000,,,0,
42003446470000,730.657323577295,33.60279920252407,2,1.0
42003446670000,,,0,
42003447060000,487.99647359944464,46.589999999999236,1,1.0
42003447360000,,,0,
42003447880100,,,0,
42003448410000,1164.7833386526847,29.595000000000255,1,0.9999999999999998
42003448570000,,,0,
42003448600000,1239.9890845950636,11.529999999999745,1,0.8768545865880315
42003448730000,1293.4819397808628,16.67500000000109,1,0.999426873106468
42003449260000,,,0,
42003449560000,,,0,
42003449840000,1203.905995836241,41.28350872527164,2,1.0
42003449850000,1185.0409863810978,21.440615945571324,2,1.0
42003449860000,1141.2973857627373,29.329999999999927,1,1.0
42003449870000,1092.8296164834665,9.947795662583074,3,1.0
42003449880000,1121.6755366013203,21.224202292746572,2,1.0
42003450160100,,,0,
42003451570000,875.9095270905304,14.775000000000544,1,0.9999999999999998
42003451900000,703.3364728747623,89.48067124293843,2,1.0
42003451980000,,,0,
42003452010000,1266.9074303342695,2.8400000000001455,1,0.7862695266873223
42003452020000,,,0,
42003452050000,991.2076394793604,93.0122343950672,2,1.0
42003453280000,1278.582684544381,52.89500000000044,1,0.9999999999999998
42003453310000,524.7407977970365,36.39608397368333,3,1.0
42003453310100,67.2395265951433,28.98999999999978,1,0.9786543622709597
42003453310200,109.93922968010135,18.38612329633406,2,0.8168773832713668
42003453320100,1277.850325246587,24.06500000000051,1,0.9981268465450663
42003453330000,,,0,
42003453830000,1183.5879490773427,32.485558622735404,3,1.0
42003455170000,,,0,
42003455200100,,,0,
42003455230000,,,0,
42003455260000,983.1201369392771,28.343791969368944,2,1.0
42003455270000,948.9361205992593,11.695000000000618,1,0.9999999999999997
42003455340000,,,0,
42003455350000,862.3026329003786,32.71885175877155,2,1.0
42003455530000,,,0,
42003455560000,1059.4183851620758,29.645000000000437,1,0.9443095093042503
42003455670000,798.7377426687631,16.139640061961167,2,1.0
42003455740000,,,0,
42003455960000,1223.1152123703216,14.590181037593762,2,1.0
42003456210000,1236.5331851364624,5.6799999999993815,1,0.9664511630302502
42003456220000,,,0,
42003456230000,,,0,
42003456290000,456.8693340022281,11.686446276730655,2,1.0
42003456297000,368.09833697942867,21.30170251875183,2,1.0
42003456300000,1169.4064571351903,60.020474677130885,2,1.0
42003456310000,1196.6255134140063,31.258068128899588,2,1.0
42003456320000,653.2906998970835,21.479627184769093,2,1.0
42003456440000,,,0,
42003456720000,929.8383469323194,39.635776532793464,2,1.0
42003456940000,921.2403980404862,21.44499999999971,1,0.9998299234556148
42003457050000,909.1668490632819,57.92000000000007,1,1.0
42003457180000,638.8572302316059,25.645000000000437,1,0.9506707247884559
42003457220000,1209.829819174698,23.404999999999745,1,0.9935784203650324
42003457390000,1042.8878061779,2.105000000000473,1,0.9720993843170186
42003457410000,,,0,
42003457560000,632.3486422142164,20.511065949653347,2,1.0
42003457560100,191.58528465489402,23.30200000000059,1,0.9961048952367
42003457690000,1141.178832097295,23.06999999999971,1,0.9322778762319516
42003457980000,925.7352862135713,30.840000000000146,1,1.0
42003458170000,947.0769469529401,39.33454656155119,2,1.0
42003458380000,1044.927524315439,18.193181175429654,3,1.0
42003458430000,,,0,
42003458470000,819.5320958466871,17.05500000000029,1,0.9182999649599685
42003458480000,1148.1209614251175,61.51000000000022,1,0.9816648228080469
42003458530000,1076.7313483503706,18.376431288908716,2,1.0
42003458550000,1005.3115452105277,13.173154541975912,2,1.0
42003458560000,879.3626105627764,16.44479759654272,2,1.0
42003458590000,1044.0950330314133,2.105000000000473,1,1.0
42003458600000,1141.3182655487497,23.06999999999971,1,0.9918508526366875
42003458620000,,,0,
42003458710100,,,0,
42003458880000,861.4270992627918,9.409999999999854,1,0.9984723332447729
42003458910000,,,0,
42003459210000,488.0368050584657,46.58999999999924,1,0.9306292065195386
42003459290000,864.2886687919612,23.245665048118187,2,1.0
42003459350000,,,0,
42003459870100,1124.071870230323,41.88000000000011,1,0.6724914389860339
42003459930000,1007.0676264087087,31.970000000001164,1,0.9260423792968627
42003460150000,1125.4585853982649,14.650000000000544,1,0.9700652312147495
42003460260000,1065.6250962563201,26.452264216352695,2,1.0
42003460450000,,,0,
42003460500100,1020.15473671612,44.7599999999984,1,0.5378288667939121
42003461130000,,,0,
42003461500000,29.689675458448498,2.9999999999999996,1,0.9956920549965317
42003461500100,29.69343795338573,3.0,1,0.9997322327610992
42003461640000,1124.0723662077896,41.88000000000011,1,0.9709620877450992
42003461810000,1001.1625169990081,70.11212397738282,2,1.0
42003461880000,1239.8722478663437,7.155000000000655,1,0.9999999999999998
42003462130000,,,0,
42003462250000,921.288542511986,21.44499999999971,1,0.9706059850836055
42003462290000,1052.7734153410645,3.7550000000001096,1,0.9905681778410816
42003462570000,870.691924230407,15.790000000000875,1,1.0
42003462760000,888.4767949398516,51.88999999999942,1,0.9970258400056157
42003463110000,758.1353604778869,6.414999999999964,1,0.9995415216549967
42003463120000,942.80139455125,13.227500000000418,2,1.0
42003463140000,963.2270223073089,14.176111702310177,2,1.0
42003463250000,639.5578534517994,11.338725934621694,2,1.0
42003463260000,1266.8331365884158,2.8400000000001455,1,0.9923202015748436
42003463600000,944.901176708681,40.05726490645763,2,1.0
42003463690000,1186.180305579627,8.619999999998981,1,0.9479868599375261
42003463710000,,,0,
42003463720000,,,0,
42003463800000,1181.0931707326165,28.329999999998112,1,1.0
42003464070000,,,0,
42003464470000,,,0,
42003464480000,,,0,
42003464730000,1124.694663305265,20.175000000001095,1,0.9905406296367735
42003464740000,1124.6892513265982,20.17500000000109,1,0.9899354610592679
42003465070000,583.6026861182175,51.289999999999964,1,0.9997964764597153
42003465120000,812.3720868437734,2.0799999999999272,1,0.9769373425085229
42003465170000,788.4339057340711,1.7049999999999272,1,0.9987350348434244
42003466190000,1225.4365984022752,113.24499999999897,1,0.9796860812947643
42003466220000,,,0,
42003466250000,1102.3839125342445,3.7049999999981083,1,0.9950030506316319
42003466260000,927.631704347838,35.37496386434729,2,1.0
42003466270000,832.5680622192447,6.234999999999673,1,0.9983426657217925
42003466290000,1043.6601923207031,72.47000000000025,1,0.825240878231295
42003466650000,1186.2593458444037,8.619999999998981,1,1.0
42003466880000,999.3097923993446,41.95782402510509,2,1.0
42003467280000,,,0,
42003467350000,870.8193070449443,48.534999999999854,1,0.9995404152906584
42003467500000,980.1797049066128,16.2612603076066,2,1.0
42003467540000,,,0,
42003467780000,1302.2283608397631,104.60000000000036,2,1.0
42003468470000,822.3125021550262,5.880000000000109,1,0.9997556625190137
42003468520000,,,0,
42003468760000,,,0,
42003468770000,892.3950792236718,11.142577689052846,2,1.0
42003468780000,888.5080694941543,51.88999999999942,1,0.9419379288035546
42003468830000,,,0,
42003468970000,851.4552038917222,37.52079334485507,2,1.0
42003469040200,908.418310945362,27.852455559671284,2,1.0
42003469130000,868.0655684693675,21.59235769970833,2,1.0
42003469180000,907.139005360288,53.11268386352587,2,1.0
42003469280000,806.3702698314913,17.344999999999345,1,0.9845287291225497
42003469510000,1302.2387268611637,104.60000000000036,1,0.8687877796571022
42003469510001,1302.2387268611637,104.60000000000036,1,0.8687877796571022
42003469530000,820.9585904424019,34.93038377140693,2,1.0
42003469880000,,,0,
42003469910000,,,0,
42003469920000,,,0,
42003469930000,892.9941283897864,6.288219620722967,2,1.0
42003469980000,798.5133879572815,27.734555574367267,2,1.0
42003470000000,1104.877048702533,27.695999999999913,1,0.8209510516341623
42003470010000,986.243676498073,7.194999999999709,1,0.7742942778452139
42003470130000,,,0,
42003470160100,1105.4200962032537,27.695999999999913,1,0.9999109264172812
42003470470000,1110.386300102482,7.949999999999818,1,0.9770643373877023
42003470600000,,,0,
42003470810000,,,0,
42003470830000,1110.3873898168715,7.949999999999818,1,1.0
42003470850000,,,0,
42003470860000,795.1384538317684,12.75000000000091,1,0.529105571401391
42003470900000,,,0,
42003471090000,1020.1818253082599,44.7599999999984,1,0.952704839561559
42003471100000,899.1878716484912,29.360000000000582,1,0.9970620921135943
42003471160000,,,0,
42003471170000,1239.2006171937276,19.215000000000146,1,0.9731333033289391
42003471180100,1239.2081439166022,19.215000000000146,1,0.9988671499323653
42003471260000,,,0,
42003471770000,884.8648505840641,24.641576596042466,2,1.0
42003471830000,,,0,
42003471920000,1106.6004404436087,40.809999999999484,1,1.0
42003471970000,,,0,
42003472060000,991.911214225956,98.7513461628839,2,1.0
42003472070000,1274.3002206788283,51.57000000000062,1,0.9999425433830396
42003472140000,1140.8048247239572,18.220000000000255,1,0.8780038479566884
42003472190000,970.2514452285802,38.63500000000022,1,0.9221054193589782
42003472210000,1097.1047536877409,3.7049999999981083,1,0.7662680327095945
42003472430000,1143.3932715858914,60.36803587531457,3,1.0
42003472490000,,,0,
42003472710000,870.8192381030909,48.534999999999854,1,0.6889739432319179
42003472790000,,,0,
42003472840000,,,0,
42003472910000,893.9806116804052,15.160000000000764,1,0.9917504656357224
42003472960000,,,0,
42003473130000,,,0,
42003473240000,1127.858972216298,13.524999999999636,1,0.9925564072659094
42003473400000,,,0,
42003473410000,,,0,
42003473520000,860.0627550867445,13.520000000000435,1,0.3329807552447213
42003473640000,550.2429876816218,46.73999999999978,1,0.9999999999999999
42003473650000,,,0,
42003473710000,788.2838564893211,20.885146265035562,3,1.0
42003473730000,706.1102127338837,26.56734584848173,5,1.0
42003473740000,,,0,
42003473750000,,,0,
42003473890000,,,0,
42003473970000,726.0117266734314,162.0884326539037,2,1.0
42003473980000,1084.152329231536,55.725000000000364,1,0.9996387986688042
42003473990000,,,0,
42003474130000,,,0,
42003474200000,1005.453099395148,138.11499999999796,1,0.9999999999999998
42003474230000,,,0,
42003474240000,,,0,
42003474290000,1086.491994547864,48.28957531724222,2,1.0
42003474300000,,,0,
42003474310000,727.2666707928896,159.88999999999942,1,0.9883653263408672
42003474350000,,,0,
42003474360000,960.0356899536071,8.51238388736307,2,1.0
42003474370000,1023.5923151437847,9.684585136709437,2,1.0
42003474550000,850.8923472258882,3.2950000000000728,1,0.9975233574781286
42003474570000,672.2479407086927,18.634408370793256,2,1.0
42003474580000,796.4985307113932,24.15414120473607,2,1.0
42003474640000,,,0,
42003474760000,927.4831554011982,9.122441642754483,2,1.0
42003474780000,,,0,
42003474790000,839.0284618492983,6.036238248526957,2,1.0
42003474820000,899.1583674654134,13.944886406426013,2,1.0
42003474840000,885.5240386838686,16.7842118087768,2,1.0
42003474880000,1008.9818113085323,110.11999999999898,1,0.898894315265461
42003474890000,891.4426023078431,37.55999999999767,1,0.35647311046419705
42003475000000,,,0,
42003475120000,668.5324686921266,192.09999999999854,1,0.9950275740920644
42003475210000,,,0,
42003475230000,,,0,
42003475320000,999.5672300671291,18.976363721903525,4,1.0
42003475330000,,,0,
42003475330100,913.5069257342562,10.674849996981203,3,1.0
42003475340100,,,0,
42003475360000,891.2849403381412,17.073811999383867,2,1.0
42003475500000,903.7730411802926,20.06396104452232,2,1.0
42003475510000,812.3636542304984,2.0799999999999272,1,0.9790106787739429
42003475570000,880.108113627102,35.53410625997824,2,1.0
42003475610000,935.431601301751,23.988002420780848,2,1.0
42003475620000,874.1019151014799,2.443805072355915,2,1.0
42003475700000,733.9032395119343,12.600000000000364,1,0.992313478526708
42003475710000,,,0,
42003475730100,668.4849309881589,192.09999999999854,1,0.9709619038928465
42003475740000,865.9938978669745,149.01692109664086,2,1.0
42003475800000,1262.4799424520165,51.64000000000124,1,0.7319863632733103
42003475840000,922.0661101557896,121.32499999999982,1,0.5954221411727777
42003475900000,929.2509958355758,11.103214264079671,2,1.0
42003475960000,944.3796503769989,18.395126811803273,2,1.0
42003475990100,48.26817402507625,5.289500000000771,1,0.8699210071583485
42003475990200,48.273686573847286,5.289500000000771,1,0.9992303067649261
42003476010000,893.6362908060771,4.899999999999635,2,1.0
42003476030000,1090.0314258151113,98.73499999999967,1,0.8215449830269341
42003476060000,1230.011595439769,24.840000000000146,1,0.4858720783067839
42003476080000,945.8220053083766,19.6258925531149,2,1.0
42003476090000,830.6924883565702,8.064261040311637,2,1.0
42003476110000,900.0292776860226,15.194068402253952,3,1.0
42003476120000,901.4896127878118,21.367066187593817,2,1.0
42003476160000,898.432690493188,20.935890874275433,2,1.0
42003476190000,908.8637944170044,14.381491747625438,2,1.0
42003476240000,1255.6240250450662,56.3904999999977,1,0.9358423562264208
42003476250000,954.6728290208512,65.01453931447449,2,0.8075974082959375
42003476260000,795.1025023968338,12.75000000000091,1,0.4473876400946324
42003476330000,,,0,
42003476380000,716.4804081038016,24.205647741645464,2,1.0
42003476390000,822.6661002336738,9.163530096051252,2,1.0
42003476400000,929.7296222834519,21.352290071125033,2,1.0
42003476440000,1127.8695973290392,13.524999999999634,1,0.9870332831679359
42003476460000,890.8012059293787,12.410350691964545,2,1.0
42003476470000,777.99648317714,3.7300000000004725,1,0.9950817752099613
42003476540000,901.0331418879534,8.514999999999418,1,0.9964069600301325
42003476550000,888.9065496707758,39.749999999999545,2,1.0
42003476610000,,,0,
42003476620000,1184.8182346833225,9.474999999999454,1,0.9939556312536015
42003476630000,1184.8180867773528,9.474999999999454,1,0.9966678928071081
42003476640000,657.4711478501886,16.205636235711363,2,1.0
42003476700000,611.4412611153465,13.035000000000764,1,0.4636511602458856
42003476730000,762.6103831288754,8.5600000000004,1,0.998998165329572
42003476740000,762.6141782220229,8.5600000000004,1,0.9931261163865255
42003476760100,,,0,
42003476810000,1013.3646264122898,13.617022410771066,2,1.0
42003476820100,360.5300073924778,14.367566934211517,2,1.0
42003476820300,426.02029442150416,25.354680276124096,2,1.0
42003477280000,742.263004962493,14.019999999998618,1,0.9848033268207044
42003477300000,1065.8333550834973,0.014999999999417923,1,0.9869986496512423
42003477320000,866.8287935430984,5.713013384590413,2,1.0
42003477330000,1270.2687994718897,13.725000000000364,1,0.9964177843124447
42003477340000,1270.2729290572113,13.725000000000364,1,0.9798540579059359
42003477350000,742.5021666171847,8.716473754794224,2,1.0
42003477370100,803.9811328626816,20.970000000001164,1,0.9691101393304445
42003477380000,792.4553095122778,5.152153172794182,2,1.0
42003477390000,773.031349434526,17.48432949583032,2,1.0
42003477400400,,,0,
42003477410000,788.750675683286,6.969999999999345,1,0.9861915991898229
42003477420000,1056.6227412165204,7.4650000000001455,1,1.0
42003477430000,828.1293764242906,12.614999999999782,1,0.9999838108068239
42003477440000,921.1315423504825,0.31999999999970896,1,0.991235449792279
42003477450000,921.1430465741305,0.31999999999970896,1,0.9928836210928215
42003477460000,1056.6322889546618,7.4650000000001455,1,0.9906660867626995
42003477470000,828.1294128194951,12.614999999999782,1,0.9407615889793631
42003477570000,882.5499710508192,76.91248749448762,4,1.0
42003477600000,11.446816777722878,34.05000000000109,1,1.0
42003477600100,23.075570038916897,100.31347366130952,2,1.0
42003477600200,39.199947646903084,163.75097413530435,2,0.692310327377619
42003477710000,782.1691293243475,39.092105673886216,4,1.0
42003477770000,,,0,
42003477780000,1173.4482257942327,11.325818158293268,2,1.0
42003477790000,1181.4597377074442,16.514999999999418,1,0.9798881207215241
42003477800000,835.5587977529084,13.829000000000633,1,0.9937454271453826
42003477810000,1129.6448624462716,20.174952097700373,2,1.0
42003477960000,859.3720552854426,3.183676768373551,2,1.0
42003478000000,1209.26912135566,24.98999999999978,1,0.6108902879098524
42003478030000,1017.2291811390791,30.20556882137823,2,1.0
42003478040000,,,0,
42003478080100,,,0,
42003478090000,651.1448147945335,18.2361682394087,2,1.0
42003478100200,,,0,
42003478110000,919.803877740785,54.35245676850141,2,1.0
42003478120000,1256.7636502789037,129.43199999999888,1,0.46969486000650207
42003478130000,,,0,
42003478160000,921.2003677470875,46.029999999998836,1,0.984967930270839
42003478340000,1101.3645946455435,35.409999999999854,1,0.2585024783129786
42003478440000,,,0,
42003478480000,861.9200990744424,49.17999999999938,1,0.9999999999999998
42003478630100,,,0,
42003478720000,,,0,
42003478730000,,,0,
42003478740000,,,0,
42003478750000,,,0,
42003478760100,,,0,
42003478770100,,,0,
42003478780200,,,0,
42003478900000,935.8579138068148,6.176846584637531,2,1.0
42003478920000,1230.007182219114,24.840000000000146,1,0.9996725301796563
42003479040000,784.4216571433923,48.404999999998836,1,0.6449225069254069
42003479050000,838.8418839748102,12.47055133027342,2,1.0
42003479070000,,,0,
42003479080000,1042.5062347403323,14.140000000001237,1,0.990500614827784
42003479090000,801.7058116450504,1.7474999999994907,2,1.0
42003479100000,980.1699284828098,15.357537670608258,2,1.0
42003479110000,967.628492055872,11.930746674103425,2,1.0
42003479120000,1013.8166837092471,67.39791609335686,2,1.0
42003479230000,859.7278030227924,3.6849999999994907,1,0.9018435001995713
42003479320000,487.3927324233719,154.48500000000058,1,0.8620875861087572
42003479330000,,,0,
42003479350000,1064.7278295173132,35.26550000000134,1,0.9243732598589254
42003479360000,1064.999510130086,35.26550000000134,1,0.9689363748307797
42003479580000,,,0,
42003479750000,1099.400708321114,35.7367345812968,3,1.0
42003479770000,837.7325480937525,44.2071574017775,2,1.0
42003479780200,,,0,
42003479800000,796.4896342484545,40.106711365007754,2,1.0
42003479810000,1017.815339462469,41.753343225060846,2,1.0
42003479820000,950.0594743308693,31.958803406671674,2,1.0
42003479830000,929.9105636505392,23.909386859351702,2,1.0
42003479840000,867.9791668930335,20.312957656306104,2,1.0
42003479850000,771.952746004052,34.01655364837733,3,1.0
42003479860000,833.9772776397994,48.37384509149253,2,1.0
42003479980000,891.9669016066784,30.341897581147556,2,1.0
42003479990000,863.7900740539357,16.20187648740702,2,1.0
42003480000000,902.639097226127,19.210089098914857,2,1.0
42003480030000,915.1423093984428,7.8234129383092705,2,1.0
42003480040000,923.3232077676297,2.3413125347020984,2,1.0
42003480050000,783.0815993980225,14.8839839871626,2,1.0
42003480090000,876.3867274436521,7.3360130083269866,2,1.0
42003480100000,914.0096299469179,15.397736764823787,2,1.0
42003480110000,867.910563331634,13.388405596490124,2,1.0
42003480430000,978.6648076834402,24.78267780116977,2,1.0
42003480460000,,,0,
42003480470000,932.7662420427536,9.22717600287342,2,1.0
42003480480000,978.3594448779858,25.355294259068852,3,1.0
42003480700000,1209.2164219713748,24.98999999999978,1,0.43269637194102445
42003480710000,906.4017755631511,13.609692282673674,2,1.0
42003480720000,774.2285790159535,22.751509055898232,2,1.0
42003480730000,1007.215091588856,16.47261843566471,2,1.0
42003480740000,869.6788756753413,11.285015569015796,2,1.0
42003480750000,1026.7725296791596,11.899999999999636,1,0.9944879443906172
42003480800000,,,0,
42003480810000,919.8788221155014,42.9093694199165,2,1.0
42003480820000,864.0781144915818,37.30749999999989,1,1.0
42003480830000,929.5259487871996,2.151829957407902,2,1.0
42003480840000,1316.9868795234124,76.60000000000036,1,0.512708368067129
42003480880000,,,0,
42003480890000,1275.9506241084362,75.93899999999849,1,0.8895127653771352
42003480920000,885.6118299155692,21.23645862952006,2,1.0
42003481100100,1262.4924785543317,51.64000000000124,1,0.8704277465203628
42003481210000,651.4736220395279,0.9649999999992361,1,0.996738795499312
42003481720000,509.10687239838353,198.4375,1,0.6555176036144515
42003481730000,,,0,
42003482040100,1104.2479045148002,6.782324429108492,2,1.0
42003482050000,1316.982669876984,13.365999999998166,1,0.8965918403224179
42003482200000,,,0,
42003482220000,,,0,
42003482990000,1292.7153381084038,23.778001511352084,2,1.0
42003483390000,,,0,
42003483400000,1255.6712801873005,56.3904999999977,1,1.0
42003483510000,,,0,
42003483520000,,,0,
42003483580000,,,0,
42003483780000,1215.2226370185633,6.536000000000058,1,1.0
42003483790000,,,0,
42003483800000,,,0,
42003483830000,,,0,
42003483840000,1123.765693617582,79.33699999999953,1,0.9459118375569715
42003484200000,866.2649717488374,14.660571158544188,2,1.0
42003484300000,1314.8330003514006,38.65599999999995,1,0.9873300774631094
42003484660000,886.665778646733,22.20087526408108,2,1.0
42003484670000,849.152572182476,47.64858111684056,2,1.0
42003484680000,790.0658724571158,31.638001538012343,2,1.0
42003484690000,1039.4654800923975,19.315328708046508,2,1.0
42003484760000,1244.2825471829556,7.4123679441256565,2,1.0
42003484770000,,,0,
42003484780000,,,0,
42003484780100,13.341296861852053,75.19350000000122,1,0.06217808485510424
42003485080100,,,0,
42003485090000,,,0,
42003485100000,1299.5239775203875,44.70000000000073,1,0.7376568814791025
42003485110000,1299.573498688465,44.70000000000072,1,0.9871821507881602
42003485120000,,,0,
42003485120100,1233.104622329071,50.097873810739074,4,1.0
42003485190000,1133.2589462423625,2.072999999998501,1,0.9949234568026181
42003485200000,1171.8306939965812,41.52428964783046,2,1.0
42003485210000,1286.1158729325718,83.14975272247158,2,1.0
42003485220000,641.5061569924218,73.94277459793987,5,1.0
42003485220100,461.6095510410602,53.24565152614327,4,1.0
42003485220200,533.7980071435521,86.43819060903385,4,1.0
42003485350000,1318.4054224473168,14.5,1,0.9660266101262498
42003485360000,1318.4103186351836,14.5,1,0.9913013470104399
42003485850100,100.27037410004382,85.62750000000233,1,0.9687859814348415
42003485850200,716.1591315910835,53.19239037445381,2,1.0
42003485860000,1247.0507337879628,25.23449999999866,1,0.81923506673834
42003485990000,,,0,
42003486000000,,,0,
42003486550000,509.110814061121,198.4375,1,0.4062349764590358
42003486560000,991.8314127719281,40.503000000000604,1,0.7625286531542956
42003486570000,835.5303732666722,53.820014226905094,2,1.0
42003486600000,0.8242517011112044,49.58550000000105,1,1.0
42003486600100,0.8242516941082123,49.58550000000105,1,0.8578966312148555
42003486940000,,,0,
42003486970000,,,0,
42003487250000,1280.8259963392413,7.060999999999694,1,0.9938686564614292
42003487260000,1157.9584660873725,21.24591051971965,2,1.0
42003487280000,,,0,
42003487290000,,,0,
42003487610000,990.1120021480535,3.6957320304954897,2,1.0
42003487620000,646.9094695127211,8.817736134683662,3,1.0
42003487620100,714.9391515113925,9.535844854531518,3,1.0
42003488020000,1317.0717831047343,76.60000000000036,1,0.7955524598350144
42003488030000,885.3082361446623,0.006999999999607098,1,0.9896105778675354
42003488060000,,,0,
42003488190000,,,0,
42003488200000,,,0,
42003488380000,,,0,
42003488390100,,,0,
42003488390300,98.07729371507357,130.04700000000048,1,0.15039651043106309
42003488420000,,,0,
42003488430000,899.5726452703042,75.5482649692596,2,1.0
42003488450000,1248.1358973656627,73.58563679398398,3,1.0
42003488460000,1288.80549042314,24.960000000000946,1,0.9924274694233766
42003488480000,18.82576040041536,17.269999999998618,1,0.9849754485679678
42003488480100,18.828038007531553,17.269999999998618,1,0.6666314558857875
42003488490000,,,0,
42003488500000,425.0683599381839,33.22080509847172,2,1.0
42003488500100,767.5053359295982,35.57769252909641,3,1.0
42003488510000,1272.38880816167,13.010000000000218,1,0.9999141489564584
42003488650000,,,0,
42003488650100,34.629250487326836,33.6150000000016,1,0.239700272548996
42003488670000,,,0,
42003488680000,,,0,
42003488870000,1308.043369461689,32.470000000001164,1,0.9899518848323632
42003488880000,1308.0406751973787,32.470000000001164,1,0.9990193891483214
42003488890000,,,0,
42003488900100,,,0,
42003488910000,1318.348358045445,70.32500000000073,1,0.6383111265685815
42003488930000,,,0,
42003488950000,920.8162750762563,42.156494848114626,2,1.0
42003488960000,847.5692942634442,7.972682390906101,2,1.0
42003488970000,909.3957513897983,6.357574606733553,2,1.0
42003489210000,886.8060468981146,2.8428817259444465,2,1.0
42003489220000,918.5936095582884,8.930052908683274,2,1.0
42003489230000,932.0443049742213,7.245744292570154,2,1.0
42003489240000,937.9082099985361,5.238327743406244,2,1.0
42003489250000,921.2193196202445,7.941351868961851,2,1.0
42003489260000,902.7140382894287,5.854999999999563,1,1.0
42003489280000,,,0,
42003489730000,,,0,
42003489900000,,,0,
42003489910100,,,0,
42003489920000,,,0,
42003489930000,,,0,
42003490790000,,,0,
42003490800000,,,0,
42003490810000,,,0,
42003490860000,,,0,
42003490880000,,,0,
42003491030000,,,0,
42003491040000,247.74995075771554,107.60479983571108,2,0.4462957728488792
42003491430000,,,0,
42103346360000,,,0,
42103349080000,1066.7792769206148,10.875,1,0.7457727634522758
42103349110000,983.2186882896598,15.145000000000437,1,0.6481998972551921
42103349120000,1026.3094507065246,12.91650782181852,2,1.0
42103353360000,1051.1641934271613,23.945000000000164,1,0.8173352729018776
42103353370000,1051.1591272067967,23.945000000000164,1,0.7814929386560083
42103356810000,944.541902871406,8.989450367467633,2,1.0
42103357090000,893.6002287380844,36.04529367007459,3,1.0
42103357180000,788.1635557935743,34.58524190550554,3,1.0
42103357200000,816.8112575112718,25.2453961316332,3,1.0
42103357240000,926.9211965165873,27.268034704560762,2,1.0
42103357250000,1115.492450569972,19.50500000000011,1,0.7862370672440381
42103357650000,955.8116838761747,20.084826677581223,2,1.0
42103357660000,914.079115282434,20.025898660708215,2,1.0
42103357730000,847.5072306530423,4.95299999999952,1,0.8530550958687821
42103357750000,992.793169795734,4.394689020187814,2,1.0
42103357760000,905.5134057803497,6.691957241014867,2,1.0
42103357780000,926.4518997106021,12.004019344239628,2,1.0
42103357790000,,,0,
42103357800000,861.2623357811666,17.985000000000127,1,0.8325816708483157
42103357890000,736.321805913689,52.659999999999854,1,0.9861352809060286
42103357920000,,,0,
42103357940000,914.3646187612337,20.484778076683835,2,1.0
42103357950000,944.8047658473889,7.570000000000164,1,0.674227018178376
42103357960000,685.2893654816238,11.235491162699727,2,1.0
42103358010000,884.215590406795,16.583780032949996,2,1.0
42103358220000,714.555970647826,17.70790606985689,2,1.0
42103358240000,892.1578289246067,25.006573151548842,3,1.0
42103358260000,752.5602202300586,25.174781063535253,2,1.0
42103358270000,593.091699002496,36.090000000000146,1,0.9991202966748309
42103358310000,827.0729104351109,9.5300000000002,1,0.9998121378878927
42103358370000,1062.6211981016384,31.52499999999964,1,0.8970401490413747
42103358440000,1271.2087884688312,86.73000000000047,1,0.916468273055321
42103358450000,952.1848397046915,16.079999999999927,1,0.9749267302137768
42103358460000,1025.741673661439,33.162462305474556,3,1.0
42103358470000,914.5931717658788,23.224499134602652,4,1.0
42103358510000,949.6068240798818,16.079999999999927,1,0.929536225391914
42103358540000,1003.9685318898097,17.9699999999998,1,0.7621547052048676
42103358550000,,,0,
42103358600000,,,0,
42103358610000,798.1764775610633,14.054999999999836,1,0.9546205432475031
42103358620000,,,0,
42103358730000,,,0,
42103358740000,1189.7077927012463,6.530000000000655,1,0.9821150030136929
42103358760000,838.8190076772464,21.734999999999673,1,0.8820869747996419
42103358820000,919.2133471331593,10.324131393354788,2,1.0
42103358830000,921.6782852163452,117.01626885330867,2,1.0
42103359000000,1080.8795948509132,31.524999999999636,1,1.0
42103359060000,1120.5394503748234,24.230000000001382,1,0.987397328395202
42103359070000,755.6255515588514,12.283610935129419,2,1.0
42103359077000,486.79964584346885,35.05999999999949,2,1.0
42103359080000,1065.1045777437948,5.5700000000006185,1,0.9807511758162571
42103359090000,62.35652873449588,21.449999999999818,1,0.40640566070780515
42103359097000,62.34595550548432,21.449999999999818,1,1.0
42103359100000,1062.2292535154577,22.58261521587946,3,1.0
42103359110000,,,0,
42103359120000,,,0,
42103359130000,1064.224585975502,12.693795635022454,2,1.0
42103359140000,1254.1453549245828,1.2900000000008731,1,0.819517630868665
42103359150000,971.1741796541861,3.39049999999952,1,0.9809625184420901
42103359160000,984.0129167374524,41.83136901054453,2,1.0
42103359170000,854.096937263187,78.93483724995704,2,1.0
42103359180000,1069.8760865251463,17.850000000000364,1,0.883064823392964
42103359190000,1266.415787528415,1.2900000000008731,1,0.8858422328338433
42103359200000,885.3298341842567,22.24906496585781,2,1.0
42103359210000,1110.875288397217,22.014999999999418,1,0.9680138864765228
42103359220000,1026.3935360023538,171.96000000000004,1,0.9948321395084164
42103359230000,1188.3677045277943,29.590000000000146,1,0.9920542789649951
42103359240000,973.8939495883245,3.39049999999952,1,0.9911319536358583
42103359250000,,,0,
42103359260000,729.1841917244908,31.464999999999236,1,0.9529642052209756
42103359270000,,,0,
42103359280000,,,0,
42103359290000,1119.9672425097067,24.230000000001382,1,0.9639363700286965
42103359300000,884.3454672507678,138.22999999999956,1,0.9672744073768341
42103359310000,,,0,
42103359320000,893.6619763552438,35.95999999999913,1,0.9782629056677339
42103359330000,,,0,
42103359340000,876.0510951220971,26.454596298022015,4,1.0
42103359350000,892.1002281197196,29.515215482022697,2,1.0
42103359360000,972.5004404393535,14.1920640950561,3,1.0
42103359380000,827.0676120941432,9.5300000000002,1,0.9286660426607034
42103359400000,955.0446928003694,4.364999999999782,1,1.0
42103359450000,766.0880305195171,21.79955267455908,2,1.0
42103359510000,904.3481985474352,28.65586552192448,2,1.0
42103359520000,779.27545022844,25.004047722291755,2,1.0
42103359530000,728.5411533369122,31.464999999999236,1,0.9707469231821094
42103359660000,964.2850383633099,13.489020145006267,2,1.0
42103359680000,880.7536595274845,12.280595037705513,2,1.0
42103359710000,836.5179915240361,7.9557551265433215,2,1.0
42103359720000,,,0,
42103359750000,951.267645086015,11.23168833201657,2,1.0
42103359760000,802.2479734726165,33.5887310232312,2,1.0
42103359810000,,,0,
42103359820000,,,0,
42103359840000,916.5671222454727,12.090000000000146,1,0.9998797294987285
42103359850000,870.736953724195,67.09331231684243,3,1.0
42103359860000,795.1404722791921,30.729999999999563,1,0.987949381431293
42103359870000,1226.8522704704742,48.51500000000124,1,0.8139889762139101
42103359900000,,,0,
42103359920000,1313.0480709324802,26.664999999999964,1,0.7261252412582102
42103359940000,1087.7439860134089,46.375,1,0.9299294487563254
42103359960000,1194.2563915944922,20.65118113054519,2,1.0
42103359990000,,,0,
42103360120000,,,0,
42103360140000,,,0,
42103360320000,1173.2994097263158,7.600558192387891,2,1.0
42103360370000,,,0,
42103360480000,,,0,
42103360490000,1130.9894431452947,35.193121813740206,2,1.0
42103360520000,776.1449544389834,24.361938037111205,2,1.0
42103360530000,967.3904794514366,13.834341655753095,2,1.0
42103360540000,,,0,
42103360560000,1135.8775934291054,26.926586212472763,2,1.0
42103360650000,1040.1359336927255,9.524999999999636,1,0.9755866850565237
42103360670000,1044.9575308041626,30.47499933279905,2,1.0
42103360690000,1038.9133851457698,9.524999999999636,1,0.9780539854708182
42103360700000,830.6803245802067,34.899999999999636,1,0.9999599845966274
42103360770000,1295.1964511311087,6.599999999999909,1,0.9997146397146581
42103360780000,1048.4517303649463,20.27854245054435,2,1.0
42103360790000,955.0430668486215,4.364999999999782,1,0.9066242735630208
42103360800000,,,0,
42103360820000,,,0,
42103360870000,,,0,
42103360990000,28.58954226167381,11.175000000000182,1,0.7991112880528417
42103360997000,28.589952765667935,11.175000000000182,1,1.0
42103361000000,,,0,
42103361010000,825.9904810194398,30.765000000000327,1,0.9937661060215538
42103361030000,1111.4405243015874,52.235709391373774,2,1.0
42103361040000,1161.2314810756648,21.18499999999949,1,0.9945329243030261
42103361050000,886.5682635014373,22.632990116274264,2,1.0
42103361060000,1161.2291814107755,21.18499999999949,1,0.9932003438797883
42103361070000,,,0,
42103361080000,1196.7402340792153,69.13000000000011,1,0.9928062526584875
42103361090000,1115.7976454880115,9.179999999999382,1,0.9979418356320726
42103361100000,1019.3015769970918,46.04489941940414,3,1.0
42103361130000,894.4080805028144,34.315000000000055,1,0.829880772697209
42103361310000,1192.291113315104,12.420737972416628,2,1.0
42103361480000,,,0,
42103361500000,,,0,
42103361550000,1313.0230828197348,69.91499999999996,1,0.9833850248336113
42103361560000,1313.0318373236055,69.91499999999996,1,0.9999422834386649
42103361570000,715.0578868438058,24.178236539036213,2,1.0
42103361580000,1059.0100118840412,173.98786496616975,2,1.0
42103361720000,700.5164845731392,31.114999999999778,1,0.8048789661542812
42103361790000,777.1874817904531,26.06035827232533,2,1.0
42103361800000,707.5705942014921,15.579298798540156,2,1.0
42103361810000,690.2189464552262,44.833763465440306,2,1.0
42103361820000,,,0,
42103362050000,830.6452603595477,34.899999999999636,1,0.9790093990124751
42103362060000,772.4687231176299,21.954999999999927,1,0.9730632862495866
42103362080000,,,0,
42103362090000,775.5533710737243,24.013413306582542,2,1.0
42103362130000,827.6687123487726,24.858129077037074,3,1.0
42103362140000,814.0978554252933,14.967408605829542,3,1.0
42103362150000,788.4501687339753,35.20478038884919,3,1.0
42103362230000,1232.437345853444,18.8149999999996,1,0.9648820650182101
42103362320000,,,0,
42103362340000,1280.4541458710657,13.139999999999873,1,0.959602117331759
42103362390000,,,0,
42103362450000,889.8601001059976,16.142842144367727,2,1.0
42103362460000,973.606959686237,12.627500000000055,1,0.8906664422496706
42103362470000,643.3259060172184,6.763605631755605,2,1.0
42103362560000,,,0,
42103362620000,323.35098832043457,199.32000000000153,1,0.3553748751286799
42103362630000,1257.385482969465,24.217727815608757,2,1.0
42103362650000,717.6095170277025,51.63786902896983,2,1.0
42103362680000,818.69138904573,50.40786949631568,3,1.0
42103362810000,,,0,
42103362830000,,,0,
42103362840000,506.7346881560378,33.22776537155297,2,1.0
42103362840200,567.2224186798883,32.2597794579698,2,1.0
42103362950000,,,0,
42103362960000,1287.7770214850912,9.891068906269881,2,1.0
42103363180000,1194.2604491724294,2.8870000000003984,2,1.0
42103363190000,1207.3672777819986,1.5750000000002726,1,0.6978177066134527
42103363410000,898.2500419762331,8.614531537875532,2,1.0
42103363420000,865.1272342182745,19.359120602989034,2,1.0
42103363660000,1313.087682079934,26.66499999999996,1,0.786653076043692
42103363830000,,,0,
42103363870000,926.8357556288188,24.783378399831566,2,1.0
42103363890000,,,0,
42103363900000,,,0,
42103363910000,1003.9715144588323,17.9699999999998,1,0.9003047899043559
42103365150000,995.106943579324,110.84524999999985,2,1.0
42103365220000,961.3729527147862,25.009500000000116,3,1.0
42103366110300,92.98270643078601,13.399999999999636,1,0.8541066156986463
42103366110400,93.0027367893504,13.399999999999636,1,1.0
42103368010000,801.6367999315454,31.257500000000167,1,0.9070835942518447
42103368020000,970.3921275816921,28.12921489719447,3,1.0
42103368030000,633.6711390304869,64.13089862374456,2,1.0
42103368900000,914.0932477652228,42.921499999999924,1,0.7138797207798692
42103368910000,799.5128623640157,50.41749999999956,1,1.0
42103368920000,1178.3013088756115,6.797500000000583,1,0.9668560614481848
42103369030000,,,0,
42103369040000,787.6377009720969,90.53200000000017,1,1.0
42103369130000,940.0885728186059,27.15950000000021,1,0.9999999999999999
42103369150000,947.565439138322,152.5719408080897,2,1.0
42103369230000,1241.5300009931298,37.966499999999996,1,0.9999999999999999
42103369380000,,,0,
42103369390000,1110.80860409987,55.14449999999988,1,0.9999999999999999
42103369570000,774.5466201638674,76.95900000000074,1,0.7698225318965944
42103369580000,,,0,
42103369590000,,,0,
42103370150000,1194.2644904598574,30.601460003799527,2,1.0
42103370180000,,,0,
42103370190000,1177.8982032580425,6.797500000000583,1,0.8363043251659797
42103370230000,,,0,
42103370430000,,,0,
42103370640000,959.5472011523298,6.80100163352613,2,1.0
42103370750000,,,0,
42103370800000,1240.0362474787628,37.966499999999996,1,0.8037095039191273
42103370920000,,,0,
42103370930000,,,0,
42103370940000,,,0,
42103371140000,858.5628452729719,37.09419044249941,2,1.0
42103371220000,879.2729392870169,21.298683469008658,2,1.0
42103371280000,1248.667840959517,1.3114999999997963,1,0.9999999999999999
42103371490000,980.496734254218,38.63446256624428,2,1.0
42103371510000,823.2854067251457,27.488372797821167,2,1.0
42103371520000,723.6835851123366,109.55350000000044,1,0.7423098105150969
42103371690000,928.4207400297416,74.82641008060165,5,1.0
42103371880000,,,0,
42103372000000,724.7174002624739,70.89159410589005,6,1.0
42103372210000,999.3538681379619,23.55249999999978,1,0.8495995073786505
42103372360000,750.5273592087098,63.0160830377786,3,1.0
42103372490000,,,0,
42103372650000,928.8259318395394,43.315182618434456,2,1.0
42103372830000,739.4434931463084,35.93139354898351,3,1.0
42103372880000,1110.3052399014543,9.22900000000027,1,0.795122815334918
42103372890000,921.0132443139024,68.99300303047758,2,1.0
42103372920000,990.6365554528369,121.26749999999993,1,0.9332490240320185
42103372930000,,,0,
42103373020000,669.2865386272472,9.79300000000012,1,0.790863482727748
42103373060000,1299.3194859816106,43.48750000000018,1,0.9543748328265274
42103373120000,955.581857282598,41.083052680290805,3,1.0
42103373190000,934.3799643587867,41.45222874741116,2,1.0
42103373220000,697.8828061907215,44.340000000000146,1,0.9999999999999997
42103373230000,999.3886376917291,23.55249999999978,1,0.963482544467255
42103373240000,,,0,
42103373260000,,,0,
42103373270000,771.8592202622146,39.246291762450184,2,1.0
42103373300000,673.0587740061128,132.20550046131095,2,1.0
42103373320000,787.6602916452658,39.4699999999998,1,1.0
42103373380000,783.0486478995415,34.427961827377345,2,1.0
42103373410000,885.5767740666766,25.18578274151448,2,1.0
42103373490000,771.5512603483495,40.85999999999967,1,0.6861704949624512
42103373500000,,,0,
42103373510000,1092.4274936997726,141.30354149131543,3,0.40319364099533284
42103373510100,111.7072283813364,15.7400000000016,1,0.8775846197388187
42103373510200,113.60066818968804,22.462358405123783,2,1.0
42103373550000,1300.0691177180213,19.74499999999989,1,0.9959301041481504
42103373680000,1212.5310249053555,81.67000000000007,1,1.0
42103373730000,917.2385561757752,132.51565898149516,2,1.0
42103373850000,803.2289077863597,91.55904088791794,5,1.0
42103373860000,645.2757828261725,68.29746034163696,4,1.0
42103373880000,953.9928267259342,52.77346476090668,2,1.0
42103373900000,720.2351250783038,65.57349999999997,1,0.9999999999999999
42103373910000,932.5592861435962,67.54324992556032,2,1.0
42103373920000,794.4652145418835,78.75778706244458,4,1.0
42103373930000,634.2602696576847,80.28000000000065,1,0.9931875460221923
42103373940000,,,0,
42103373950000,,,0,
42103373960000,,,0,
42103374090000,,,0,
42103374100000,,,0,
42103374120000,,,0,
42103374210000,509.73437371518287,54.9349636482208,4,1.0
42103374217100,50.557024317117246,0.959999999999127,1,0.6556522644030032
42103374217200,50.68720175781485,0.959999999999127,1,1.0
42103374217300,454.17239525227274,56.110773986448805,6,1.0
42103374217400,,,0,
42103374217600,487.49479026914213,69.57744507057905,4,1.0
42103374220000,1253.6805898097234,59.64694298916513,3,1.0
42103374280000,,,0,
42103374300000,703.9844550074987,11.681000000000495,1,0.9919402518661409
42103374310000,739.406012315433,128.64508885252252,2,1.0
42103374320000,677.2882269425239,29.68019513458584,4,1.0
42103374330000,905.3591111394321,92.31697299964837,2,1.0
42103374350100,,,0,
42103374390000,587.8857339891124,118.52642851381057,3,1.0
42103374400000,668.7147721351164,102.53593063128288,3,1.0
42103374410000,,,0,
42103374430000,839.3250186014911,97.928899954357,2,1.0
42103374440000,,,0,
42103374450000,993.0872775285948,70.27000000000044,1,0.8566619009406957
42103374460000,669.456570720684,127.34604840354977,4,1.0
42103374470000,,,0,
42103374480000,,,0,
42103374490000,654.3178566046275,3.0599999999999454,1,0.8913824695155056
42103374500000,966.1462866967734,53.98344093737584,3,1.0
42103374540000,605.2335766754292,36.91000000000008,2,1.0
42103374550000,719.3509264016543,36.29695294530482,3,1.0
42103374570000,751.23646202711,48.33669149329185,3,1.0
42103374600000,1300.0796109113373,19.74499999999989,1,0.9987863512646102
42103374610000,,,0,
42103374620000,,,0,
42103374670000,867.1035791178356,28.514999999999418,1,0.9855706904986727
42103374680000,867.1008327216683,28.514999999999418,1,1.0
42103374690000,,,0,
42103374700000,,,0,
42103374710000,,,0,
42103374720000,688.0243496812601,5.270000000000437,1,0.9482665075442044
42103374730000,691.6337208147016,23.52357656058824,2,1.0
42103374750000,691.6263388937978,20.05343149385572,2,1.0
42103374760000,687.5333165164867,9.605827294049124,2,1.0
42103374770000,724.0015432775759,16.28999999999951,1,0.8019834696054322
42103374780000,710.351714039939,15.952376293506994,2,1.0
42103374790000,793.0582710270454,61.506740891690605,3,1.0
42103374800000,886.2633371563554,114.6601003671597,3,1.0
42103374810000,873.7941212050769,53.68999999999869,1,0.9596425383288147
42103374820000,,,0,
42103374830000,,,0,
42103374860000,873.8225592283167,53.68999999999869,1,0.9999999999999992
42103374870000,,,0,
42103374880000,,,0,
42103374890000,,,0,
42103374930000,763.5560483299746,86.22675988680993,3,1.0
42103374940000,1029.5047450664933,82.74920527902421,2,1.0
42103374960000,767.859795854674,53.70960997030307,2,1.0
42103375010000,,,0,
42103375020000,632.7401298456857,117.71086945401396,3,1.0
42103375030000,749.6103717182484,17.095000000000255,1,0.7891358793446746
42103375040000,832.797640087468,33.17306803093028,5,1.0
42103375050000,1212.494409225229,81.67000000000007,1,0.8036331158301422
42103375060000,746.2862461320033,45.474999999999454,1,0.997920890874417
42103375070000,873.5291445822945,35.86731303322129,6,1.0
42103375080000,,,0,
42103375090000,779.6916997063838,44.29500000000007,1,0.9999811494728168
42103375100000,817.4871174365602,40.349999999999454,1,0.9997520205502525
42103375110000,749.610270186987,17.095000000000255,1,1.0
42103375120000,1315.4657053270819,102.79499999999825,1,0.9966592445442102
42103375130000,1315.468371537351,102.79499999999825,1,0.9999999999999997
42103375140000,,,0,
42103375150000,,,0,
42103375160000,453.511213070269,161.2549999999992,1,0.9827966305546277
42103375200000,1065.8342409079767,10.460000000000036,1,1.0
42103375210000,453.51088825974693,161.2549999999992,1,0.9997337085649662
42103375220000,,,0,
42103375230000,,,0,
42103375240000,,,0,
42103375250000,,,0,
42103375260000,1065.8491698299879,10.460000000000036,1,0.9439282023737818
42103375280000,661.5939725780519,35.26667931492293,2,1.0
42103375290000,767.6183528790319,38.639764198554516,3,1.0
42103375300000,867.6766910059075,11.98175442379704,3,1.0
42103375320000,667.0839909674261,36.84809224059623,3,1.0
42103375330000,632.8177753469204,43.375,1,1.0
42103375340000,859.4760797924023,12.234290708635074,3,1.0
42103375350000,678.7117446192316,43.56999999999971,1,0.9999999999999999
42103375360000,882.7285965511751,25.021224399725778,4,1.0
42103375370000,899.9287664639074,22.551480707232027,3,1.0
42103375410000,,,0,
42103375420000,,,0,
42103375430000,775.6546647459174,6.255000000000109,1,0.992391130886637
42103375440000,775.6946035159641,6.255000000000109,1,0.9910946703361323
42103375450000,,,0,
42103375470000,734.8709181089288,28.25500000000011,1,0.9995450259623962
42103375480000,734.8681426257835,28.25500000000011,1,0.9979008954195197
42103375490000,771.5819601492103,40.85999999999967,1,0.5142836384953939
42103375510000,,,0,
42103375520000,,,0,
42103375530000,,,0,
42103375540000,,,0,
42103375620000,623.3900978213524,6.849999999999909,1,0.8620818994328909
42103375630000,,,0,
42103375640000,908.014420027011,22.905000000000655,1,0.8939916736435174
42103375670000,623.4012947989105,6.849999999999909,1,0.9987911831785907
42103375690000,908.1755687973663,22.905000000000655,1,0.9999920789858419
42103375770000,,,0,
42103375790000,692.026139730435,14.110000000000126,1,0.9999999999999997
42103375800000,288.2604579208413,103.55518397954977,2,1.0
42103375810000,839.4206630696282,1.3299999999999272,1,0.999528638780612
42103375820000,608.6120761136275,106.11643154109099,2,1.0
42103375830000,730.2389192074863,11.939865854882731,2,1.0
42103375840000,818.9996396279947,23.56999999999971,1,0.9767445468905688
42103375850000,687.0875813524992,103.8029011990029,4,1.0
42103375860000,748.8654943692691,18.595000000000255,1,0.9840225481983038
42103375870000,788.517454879192,21.456862439428235,2,1.0
42103375880000,859.7052995937503,15.721168487754124,2,1.0
42103375890000,735.2579323897936,25.713703517482774,2,1.0
42103375940000,764.8984798603287,9.259999999999764,1,0.9999999999999997
42103375950000,703.5641134332434,5.821617720133943,2,1.0
42103375960000,801.846758422543,103.66764182147243,5,1.0
42103375980000,683.2297810742702,112.30219890376209,5,1.0
42103375990000,707.1338796136806,112.17824832590851,4,1.0
42103376000000,939.0587315705264,99.02522564418273,4,1.0
42103376010000,623.4314459884614,122.73227677945437,3,1.0
42103376020000,707.5735566461691,31.994999999999894,1,0.9999592630750348
42103376030000,707.3252180951927,31.99499999999989,1,0.7548123765410557
42103376050000,1151.6570647446408,125.13813934549391,2,1.0
42103376060000,756.6383902844041,122.74671013219708,3,1.0
42103376090000,,,0,
42103376100000,,,0,
42103376110000,,,0,
42103376120000,440.15412006802535,18.09999999999991,1,0.9998608549161385
42103376130000,440.15230281924033,18.09999999999991,1,0.9928441059070549
42103376140000,,,0,
42103376150000,447.92469846593633,15.559999999999945,1,0.9969929992851791
42103376160000,447.92539970452265,15.559999999999945,1,0.9996129065579894
42103376220000,298.46472361729775,131.78062213631625,3,1.0
42135031200100,1000.1826659567977,31.01000000000022,1,0.9344167858359558
42135031640100,1000.015861008879,31.01000000000022,1,0.8132249508193965
42135381080100,,,0,
42135384700000,1139.6818305881125,64.0099999999984,1,0.9994482585541307
42135385180000,1135.6398679412157,64.34803801342383,2,1.0
42135386380000,1083.602176285446,85.9300000000003,1,0.9560232543326194
42135388190000,1168.932408362462,63.463580629444465,2,1.0
42135394050000,1131.4200930537722,64.75000000000182,1,0.9999480244569171
42135394060000,1254.8992735912152,40.909999999999854,1,0.965800988882392
42135413340000,,,0,
42135421490000,,,0,
42135423690000,,,0,
42135423720000,,,0,
42135425210000,,,0,
42135425280000,1193.0954563487667,3.430000000000291,1,0.9989517029967326
42135425290000,1192.9958300674953,3.430000000000291,1,0.9894080542286653
42135428060000,,,0,
42135428210000,1308.1703714837367,57.25450000000001,1,1.0
42135428370000,,,0,
42135428370100,93.69952755265102,9.594999999999345,1,0.31124945193084835
42135428650000,,,0,
42135430880000,1262.287938049793,26.32339942503923,2,1.0
42135431410000,1095.6416029928887,51.125,1,0.7706154639503667
42135431570000,,,0,
42135431580000,1308.1371241933757,57.25450000000001,1,0.9284735691490218
42135433170000,1214.287678942191,61.940000000000516,1,0.9997550812467785
42135433940000,1228.6817465845213,3.119999999999891,1,0.9999999999999998
42135433990000,1311.788006585443,15.319999999999707,1,0.9996114437374465
42135434110000,,,0,
42135434230000,1311.6300941832426,15.31999999999971,1,0.9324598846264311
42135434240100,1292.4099200423977,38.6639446324843,2,1.0
42135434250000,1252.2104901526368,56.45822983862793,2,1.0
42135435420000,1254.411300307362,41.090000000000146,1,0.9953103857977231
42135435430000,1254.411224069748,41.090000000000146,1,0.9868757904595814
42135435450000,1122.497237476994,10.219135832304362,2,1.0
42135435480000,1147.7835350699322,18.93000000000029,1,0.973075755330206
42135435490000,1068.492378333338,17.563507310911373,2,1.0
42135435980000,1233.2826787965917,18.769392814141767,2,1.0
42135436130000,,,0,
42135436140000,1000.609808638028,93.78084521812576,2,1.0
42135436500000,1027.932779330083,49.289999999999964,1,0.9882444045246971
42135436550000,1237.4271834417054,39.56634110620607,2,1.0
42135436570000,800.784403216749,0.15499999999974534,1,0.9721107801041916
42135436580000,1049.4505103590525,13.021941655541177,2,1.0
42135436830100,,,0,
42135437000000,1028.0903142123204,49.289999999999964,1,0.6188983906086944
42135437310000,,,0,
42135437420000,928.6090294568936,121.11444338429888,2,1.0
42135437430000,639.5674672245012,161.0064999999986,2,1.0
42135437640000,,,0,
42135438050100,,,0,
42135438130000,1224.7918522760601,2.514999999999418,1,0.9983064600358758
42135438140100,1230.392087124969,13.059349874962889,2,1.0
42135438150100,1224.7933930576016,2.514999999999418,1,0.973249677594766
42135438160000,1235.1454018276384,16.728000000000975,1,0.9999999999999998
42135438170000,,,0,
42135438230000,,,0,
42135438240000,1225.6907124043016,9.431500000000597,1,0.9915667571477089
42135438520000,,,0,
42135438800000,,,0,
42135438810000,,,0,
42135438850000,,,0,
42135438940000,,,0,
42135439050000,1306.56071554923,42.95136831341523,2,1.0
42135439060000,,,0,
42135439160000,,,0,
42135439170100,657.7634892900705,30.15759749048292,2,1.0
42135439170200,50.278056063372205,12.301500000000487,1,0.44519861844353686
42135439300000,,,0,
42135439310000,,,0,
42135439320000,,,0,
42135439380000,872.9795977263186,13.626500000002125,1,0.9998586680244861
42135439390000,,,0,
42135439400000,830.8883371635327,12.649169687783935,2,1.0
42135439410000,792.2921922539898,11.747000000001208,1,0.9965202016145641
42135439570000,,,0,
42135439580000,,,0,
42135439590000,,,0,
42135439600000,,,0,
42135439760000,,,0,
42165351700100,795.5588578664044,4.549467013950158,2,1.0
42165351740100,986.6250240363253,4.435701811771081,2,1.0
42165353260000,,,0,
42165354940000,578.8410905282116,9.506771812986882,2,1.0
42165380580000,806.8814250667278,51.16500000000087,1,0.999877093337454
42165384090000,,,0,
42165384120000,873.9098701910035,43.20753264943477,4,1.0
42165384950000,708.1686750693439,133.45532540180662,3,1.0
42165385000000,816.2988343655616,37.05494898851789,2,1.0
42165385010000,1071.2147847026367,26.317777305124203,3,1.0
42165385040000,1074.2903745810108,137.4349999999995,1,0.6662931288845273
42165385070000,911.7590124031705,25.91716848994703,2,1.0
42165385080000,539.3335440053182,29.496037316206632,3,1.0
42165385470000,,,0,
42165385690000,922.0665445400815,79.86316930382165,2,1.0
42165385790000,798.3643776074985,54.73499999999967,1,0.5053000448239514
42165385900000,997.8710853693302,16.2511581686213,2,1.0
42165386010000,960.4656251579217,5.790000000000873,1,1.0
42165386050000,,,0,
42165386080000,556.5288794110282,25.470000000000255,1,0.9714519940338281
42165386090000,960.5213550858577,14.34355630234213,3,1.0
42165386100000,1018.1561084411616,9.2849743360826,3,1.0
42165386190000,833.6186199518451,11.385000000000218,1,0.4720356871100033
42165386230000,,,0,
42165386240100,865.4335493334528,29.57000000000062,1,0.9769201879972769
42165386250000,679.8840566478568,51.29999999999927,1,0.9093664969832562
42165386260000,807.0875875342635,40.032524072922605,2,1.0
42165386300000,1021.9704924981118,26.779999999999742,2,1.0
42165386330100,599.5948182620652,46.36999999999898,1,1.0
42165386500000,779.0626608445818,126.32499999999891,1,0.9615236759368212
42165386510000,993.7303668904251,11.434999999999489,1,0.9271045875701968
42165386520000,778.4587971400273,91.82106670127835,2,1.0
42165386530000,791.0621582257064,80.1205735035668,2,1.0
42165386540000,982.6664709565999,48.30042264084543,3,1.0
42165386560000,968.435525988708,21.345499999999447,1,0.7453633836968041
42165386580000,,,0,
42165386590000,852.8599893884268,53.167660038649224,3,1.0
42165386600000,1021.0827972030432,14.955000000000837,1,0.9894265553482394
42165386690100,833.7273530374051,55.529950976600105,3,1.0
42165386950000,815.705947735168,28.654640820626824,2,1.0
42165386960000,,,0,
42165386980000,717.8812949158958,54.71649881190336,3,1.0
42165387000000,871.1823552822142,42.88690647679011,2,1.0
42165387010000,910.0669458077349,36.55999999999949,1,0.9935527985184663
42165387020000,981.314784430544,77.0792922449397,2,1.0
42475348300000,1299.9525392412406,69.91045311268043,2,1.0
42475348770100,655.1873894879578,51.488313332003436,2,1.0
42475348770200,663.577237416837,40.89288888882791,2,1.0
42475349100000,,,0,
42475349270000,,,0,
42475349600000,,,0,
42475351120000,,,0,
42475356120000,,,0,
42475356150000,,,0,
42475360730000,,,0,
42475360740000,,,0,
42475361450000,,,0,
42475363360000,,,0,
42475363380000,,,0,
42475372970100,,,0,
42475373130100,,,0,
42475373470000,,,0,
42475373950000,,,0,
42475375010000,,,0,
42475375020000,,,0,
42475376690300,,,0,
42475378640000,,,0,
42475379960100,,,0,
42475380950100,,,0,
42475381220000,,,0,
42475383430000,845.1638167745991,41.08150000000023,1,0.972749795148416
42475383440000,,,0,
42475383450000,870.9578490096565,59.079818014434885,2,1.0
42475383460000,897.1800117547623,77.24299999999857,1,0.9645046982399953
42475384580000,735.3118036638433,105.91435648729528,3,1.0
42475384640000,765.7324280661768,70.77622608499338,2,1.0
42475386280000,,,0,
42475386280100,1196.5151499515969,113.54499999999825,1,1.0
42475386290000,,,0,
42475386300000,1191.6743930989292,73.92622232694609,2,1.0
42475386310000,1187.9855083109633,43.55000000000109,1,0.9830451935341157
42475386380100,1206.065153077191,15.345000000001162,1,0.9831919224909034
42475386390000,1206.0937456636598,15.345000000001162,1,0.9603007802521091
42475386400000,1230.505088330277,59.194999999999716,1,1.0
42475386700000,,,0,
42475387270000,757.1748489043546,70.64171036153456,2,1.0
42475387280000,734.4325258917886,81.99652146285422,3,1.0
42475387520000,1110.995569734162,46.20499999999993,1,0.4895003540367203
42475387530000,1111.0111827812282,46.20499999999993,1,0.9999999999999998
42475387540100,,,0,
42475387550100,,,0,
42475387560000,1299.0071492546463,159.36000000000058,1,0.8740449836769224
42475387570000,1267.6531164223595,113.49502261339104,2,1.0
42475387810000,,,0,
42475388930000,,,0,
42495013680100,,,0,
42495303180100,,,0,
42495323780000,,,0,
42495329180100,,,0,
42495331630000,,,0,
42495331630001,,,0,
42495332880100,,,0,
42495333680000,,,0,
42495334050000,,,0,
42495334220000,30.000130001466104,19.174999999999272,1,0.44023536054414686
42495334227000,29.998746072281403,19.174999999999272,1,0.9999999999999999
42495334230000,,,0,
42495334360000,1026.2141556618371,17.536999999998443,1,0.930631774719398
42495334390000,,,0,
42495334400000,1122.5765351120617,69.26900000000023,1,0.9440617147235456
42495334470000,14.655445126375364,37.235499999998865,1,0.9998537686809303
42495334477100,14.655387097141917,37.235499999998865,1,0.8386844042222548
42495334640000,63.81342492408321,41.090000000000146,1,1.0
42495334640200,63.67417623259862,41.090000000000146,1,0.5583014411820791
42495334650000,,,0,
42495334690000,,,0,
42495334720000,,,0,
42495334770000,,,0,
42495334870000,,,0,
42495334930000,,,0,
42495334940000,,,0,
42495335050000,55.515451457179324,21.926709134438976,2,1.0
42495335057000,48.22075981245675,11.843898815475653,2,1.0
42495335130000,1044.0854107805171,22.503539899341952,2,1.0
42495335140000,1005.6538937294099,9.046277181179414,2,1.0
42495335150000,1016.346034053584,13.344999999999345,1,0.9859313861181729
42495335160000,1145.4818090174272,144.48500000000058,1,0.8897131936523006
42495335170000,1145.5143993398797,144.48500000000058,1,0.7212717853060767
42495335250300,,,0,
42495335270000,,,0,
42495335280000,1040.0129564826107,18.67500000000109,1,0.9994983866546008
42495335370000,75.60109470929108,16.075119974638056,2,1.0
42495335380000,1122.5842125144238,69.26900000000023,1,1.0
42495335460100,1095.8060635056058,51.125,1,0.9999999999999994
42495335520000,1026.1906614879797,17.536999999998443,1,0.8065582203268352
42495335560000,505.15357653430345,92.1990032773627,2,1.0
42495335560100,491.7269146039889,54.27932872421568,2,1.0
42495335570000,1013.9340300071484,66.59736801687617,2,1.0
42495335590100,,,0,
42495335710000,,,0,
42495335860000,,,0,
42495336090000,1039.8798685207123,18.67500000000109,1,0.8436595972148269
42495336110000,,,0,
42495336120000,35.838704471343775,23.24499999999898,1,0.9999999999999997
42495336120100,35.84074143518952,23.24499999999898,1,0.6062097581212023
42495336130100,,,0,
42495336210000,1123.5320450569118,50.99500000000081,1,0.9999999999999998
42495337250000,,,0,
42495337300000,,,0,
42495337350000,,,0,
42495337520000,,,0,
42495337530000,29.09164706161089,72.73700000000008,1,1.0
42495337530100,29.09022388866668,72.73700000000008,1,0.651020548627759
42495337650000,,,0,
42495337760100,,,0,
42495337780200,,,0,
42495337810000,,,0,
42495337930000,,,0,
42495338010000,,,0,
42495338040100,20.298299336627775,44.280000000000655,1,1.0
42495338040200,20.298692608977223,44.280000000000655,1,0.5900859935639782
42495338410000,,,0,
42495338420000,,,0,
42495338510000,,,0,
42495338590000,,,0,
42495339290000,,,0,
42495339960000,,,0,
42495340220000,,,0,
42495340480000,,,0,
42495340800000,,,0,
42495340810000,,,0,
42495340950100,,,0,
42495341370100,,,0,
42495341540000,,,0,
42495341670000,,,0,
42495342170100,,,0,
42495342610000,,,0,
42495342620000,,,0,
42495342820000,,,0,
42495342880000,1206.4450501710714,31.75600000000122,1,0.6069220708464307
42495343090000,,,0,
42495343120000,1.844991789859045,27.36999999999898,2,1.0
42495343120100,4.110521936428416,23.092655170483727,2,1.0
42495343120200,4.109590766750681,37.715898852589824,2,1.0
42495343160000,1.610162003653112,7.980000000001382,1,0.9999252534929481
42495343160100,1.6096198321171797,7.980000000001382,1,0.7508088214195202
42495343460000,,,0,
42495343490000,49.28601668118805,96.37099999999919,1,0.9271457027180356
42495343497000,49.33995079763189,96.37099999999919,1,0.9996697383010353
42495343720000,,,0,
42495343910000,,,0,
42495344440000,,,0,
42495345580000,,,0,
42495345590000,,,0,
42495345740000,,,0,
42495345800000,,,0,
42495346020000,1141.3047953764842,41.57724958974565,2,1.0
42495346120000,,,0,
42495346130000,775.0735171298116,144.5669999999991,1,0.8861445034473989
42495346360100,,,0,
42495346380000,1094.3772825727594,3.6851805196004364,2,1.0
42495346390000,1206.4445076063962,31.75600000000122,1,0.8616311209679949
42495346430000,,,0,
42495346440100,,,0,
42495346450000,920.8482956480374,24.96317299402061,3,1.0
42495346490000,866.0842972990272,66.85599999999977,1,0.9997123260386261
42495346500000,,,0,
42495346510000,,,0,
42495346590000,,,0,
42495346770100,,,0,
42495346820000,27.700664915504746,28.8774999999996,1,0.4003739395757799
42495346827000,27.69623617336625,28.8774999999996,1,0.9999999999999998
42495346930000,,,0,
42495347520000,855.0496669358055,9.923157027040695,3,1.0
42495347780000,866.0777830183148,66.85599999999977,1,0.5192122979992672
42495347810000,,,0,
42495347910000,1.1346113095266108,14.357499999999165,1,0.9997348718918345
42495347910100,1.1345419748389234,14.357499999999163,1,0.9427501043653242
42495348010000,,,0,
42495348040000,,,0,
42495348060000,,,0,
42495348220000,,,0,
42495348240000,834.031603194715,3.0078729356502474,2,1.0
42495348310000,,,0,
42495348370000,859.0871405813098,24.4303154222852,3,1.0
42495348510000,,,0,
42495348610100,,,0,
42495348610200,273.3799417965924,40.029413003857414,2,1.0
42495348610300,267.49617251948655,46.77064188614827,2,0.8381633625974136
42495348780000,,,0,
42495348790000,756.2072763335258,9.463753189708425,2,1.0
42495348800000,989.02286763509,29.2780080106075,2,1.0
42495348860000,,,0,
42495349120000,1033.0560268388076,20.770855592209422,2,1.0
42495349280000,882.6310149981477,57.2754258163039,2,1.0
42495349390000,862.135834527918,20.703823046408495,3,1.0
42495349450000,,,0,
42495349470000,,,0,
42495349660100,839.2266391648496,0.8950000000004366,1,1.0
42495349670000,782.3701359532743,1.9700000000002547,1,0.9964449562529258
42495349680000,835.1607971949173,16.406252100841648,2,1.0
42495349690000,810.4055760219841,4.291779938077955,2,1.0
42495349700000,837.7936307878263,36.883595533476225,2,1.0
42495349710000,807.7772207903046,4.822499171870943,2,1.0
42495349720000,830.8365240161455,33.34881775990377,2,1.0
42495349730000,777.1874034232338,3.0349999999998545,1,0.9917197356620793
42495349930000,,,0,
42495349940000,74.43876208062501,33.23499999999876,1,0.9659282215772156
42495349940100,74.4370299511669,33.23499999999876,1,0.4775640418451573
42495350120000,,,0,
42495350130000,,,0,
42495350180000,,,0,
42495350740000,747.4752192432186,46.710030002228116,3,1.0
42495350750000,497.8807857851364,84.87991723118495,3,1.0
42495350750100,392.2842264818841,105.33721411091469,2,1.0
42495350820000,,,0,
42495350890000,,,0,
42495350960000,,,0,
42495351160000,,,0,
42501348840100,,,0,
42501359020100,,,0,
42501359030000,,,0,
42501359990000,998.5336055911349,70.67610781165989,2,1.0
42501360810000,,,0,
42501361270000,911.1110849410472,86.83200000000033,2,1.0
42501361930100,16.149509066155538,23.30000000000109,1,0.9999994674240935
42501361930200,16.145066280492237,23.30000000000109,1,0.5763233145246766
42501362410000,,,0,
42501362670000,1312.06552539827,36.05500000000029,1,0.9802148308020622
42501363990000,867.5220345114896,102.82432478676056,3,1.0
42501364000000,699.2158051853827,132.62564090181635,2,1.0
42501364010000,805.1474358893416,86.3700000000008,1,0.9465188598779033
42501364050000,,,0,
42501364240000,1083.5032622826006,6.799999999999272,1,0.9983043313369895
42501364270000,1312.0177265495547,36.05500000000029,1,0.9912965873425662
42501364300000,890.5779229422876,2.7399999999997817,1,0.9959569237788637
42501364320000,,,0,
42501364380000,,,0,
42501364750000,733.3717326665275,119.07999999999993,1,1.0
42501364760000,888.7119271875891,58.96745381341622,2,1.0
42501364800000,886.415716007827,57.5555000000004,2,1.0
42501364840000,711.0943929285684,63.33399999999983,1,0.9265344948144673
42501364850000,1214.4455871520508,16.030000000000655,1,0.9999999999999998
42501364860000,980.6208640092278,70.96858660261557,2,1.0
42501365010000,1170.8767143352882,7.875,1,0.9994857641293712
42501365180000,753.6222895876591,19.355000000000473,1,0.9999883120957442
42501365220000,941.3368692900707,27.979308200593476,2,1.0
42501365230000,924.0273145403179,59.88774219099412,2,1.0
42501365260000,,,0,
42501365380000,722.0512632306344,117.78524639229707,2,1.0
42501365390000,824.8045407968967,11.774999999999636,1,0.9999999999999998
42501365400000,1307.2202263799563,23.49000000000069,1,0.9999999999999998
42501365410000,1072.2264214015788,29.50375000000031,2,1.0
42501365520000,890.6415828511397,2.7399999999997817,1,0.9592362556757986
42501365540000,697.2703218372947,70.61794586278387,2,1.0
42501365550000,1002.9707405726855,73.82399999999961,2,1.0
42501365650000,1003.906104986177,18.25554110729921,2,1.0
42501365670000,630.0184173641716,42.06047575610527,2,1.0
42501365690000,1170.4525031032938,5.490136419778872,2,1.0
42501365700000,859.2438883774781,21.392521155502607,2,1.0
42501365710000,964.7218682121335,33.20459035968143,3,1.0
42501365720000,971.8615337547782,31.644749999999934,2,1.0
42501365730000,1030.0008152474754,21.82108897448343,2,1.0
42501365770000,945.6241371982771,15.68499999999949,1,0.9808024261794018
42501365780000,1097.5808612341207,44.85759186299298,2,1.0
42501365790000,855.0296337069395,40.089928980772584,2,1.0
42501365800000,755.7261516139262,96.60095480944503,2,1.0
42501365810000,937.1261500728272,55.05249735982301,2,1.0
42501365820000,742.6069801694563,87.69950000000063,1,1.0
42501365830000,955.041678667761,123.62093343335953,2,1.0
42501365940000,,,0,
42501365970000,762.9663174185639,60.98745046065395,2,1.0
42501365980000,774.9421841470081,53.313218493326765,2,1.0
42501365990000,1170.799632052447,68.14999999999964,1,0.9999061706039097
42501366000000,1108.0162561793031,4.079999999999927,1,0.9999999999999996
42501366020100,1258.6799936510538,4.777240865194198,2,0.9289206270429485
42501366030000,881.0684198882036,69.07109084868983,3,1.0
42501366040000,824.7606750691,11.774999999999636,1,0.8753630574331849
42501366060000,856.9787304465145,39.04557370883244,3,1.0
42501366070000,1053.7166265208166,54.900000000000546,1,0.9394715731127519
42501366090000,1210.9649135896918,21.910000000000764,1,0.3405586761023733
42501366100000,892.170960785571,84.10699999999997,1,0.5964167736641478
42501366130000,1083.3465240535768,6.799999999999272,1,0.9848410850324026
42501366200000,1135.3329152132455,7.03650000000016,1,0.9999999999999998
42501366210000,550.0408030214104,54.04399999999987,1,0.9998659405104297
42501366270000,695.4501580648031,41.965000000000146,1,0.9978740226854909
42501366370000,596.0676452508608,75.60996660000033,3,1.0
42501366370100,650.8681540925313,83.67971134571928,3,1.0
42501366420000,627.9496304784516,41.48690790576468,3,1.0
42501366470000,661.6539632992636,121.0612500000002,2,1.0
42501366480000,1048.4317277639489,76.57391864076119,2,1.0
42501366510000,885.6411116205398,2.5531392512525706,4,1.0
42501366520000,808.3701737191101,23.805429260247482,6,1.0
42501366530000,974.5328723518218,81.69000000000051,1,1.0
42501366540100,,,0,
42501366580000,810.1151165976883,23.057502290664573,4,1.0
42501366680100,,,0,
42501366700100,,,0,
42501366760000,,,0,
42501366800000,,,0,
42501366810000,783.0994908379053,37.965000000000146,1,0.9999371051403112
42501366820000,834.650513525164,9.869999999998981,1,0.9959444155376597
42501366830000,,,0,
42501366840000,,,0,
42501366930000,949.7049251269051,12.442411330128104,2,1.0
42501366970000,807.0095789514237,86.05468000620958,3,1.0
42501366990000,958.9305762785749,11.081711341006624,2,1.0
42501367000100,890.7116595544197,46.88999999999942,1,0.9999968597244505
42501367020000,1272.9223106980903,27.30500000000029,1,0.6467146281479065
42501367040000,923.5687591880557,59.26114865809745,4,1.0
42501367100000,387.3419231845623,113.13576715189139,2,1.0
42501367110000,870.8115465701845,71.35796731386294,2,1.0
42501367120000,810.9637672386821,75.79422128992933,2,1.0
42501367130000,897.3022131340089,31.410000000000462,3,1.0
42501367170000,,,0,
42501367460000,804.1071016872655,59.603048484591646,2,1.0
42501367490000,,,0,
42501367500000,873.9712725801131,88.81041726874268,2,1.0
42501367520000,829.5315610770507,67.6878741579012,2,1.0
42501367550000,1135.071184599233,7.03650000000016,1,0.8377955871341338
42501367570000,,,0,
42501367580000,,,0,
42501367590000,970.7837165655412,83.07514133025111,2,1.0
42501367600000,911.8517477709122,94.01852683271052,2,1.0
42501367610000,796.4854237650724,56.71496528645957,2,1.0
42501367620000,884.7832842578496,59.16949999999997,1,0.9873024727031405
42501367630000,895.7598663104864,6.569999999999709,1,0.9999999999999996
42501367640100,,,0,
42501367650000,,,0,
42501367660000,886.430130868585,8.54083974474187,2,1.0
42501367670000,1127.8629955502824,34.13600158443983,2,1.0
42501367680000,1309.1198691501618,14.44550000000072,1,0.9952553987784879
42501367690000,906.7282597209716,12.454009223216351,2,1.0
42501367710000,896.9825314671598,121.96452436333094,2,1.0
42501367730000,942.3902187402538,89.79500000000007,1,0.9995910753398367
42501367760000,,,0,
42501367770000,549.2421403811993,92.48499999999967,1,0.5548587712903225
42501367780000,936.5898923350495,72.80386378164454,2,1.0
42501367790000,683.5497115684124,105.75,1,0.9712305727994894
42501367810000,694.7307455776509,25.683500000001004,1,0.9997791024256103
42501367850000,727.9931051650889,29.902522999755146,2,1.0
42501367880000,1307.1539074324637,23.49000000000069,1,0.9678632964103104
42501367890000,974.850741319235,97.57597136647851,2,1.0
42501367920000,1123.1945538584166,57.54999999999927,1,0.9999999999999998
42501367940000,1080.8926524347798,74.36250000000018,1,0.9214430076790732
42501367950000,1074.7866607799142,52.902499999999236,1,0.9633059468456097
42501367990000,937.3512744544727,22.94182410201976,4,1.0
42501368000000,1208.7315221436459,32.053258177830216,2,1.0
42501368010000,,,0,
42501368020000,1085.8210045059202,4.6507917519956194,2,1.0
42501368030000,537.0292032391685,9.909999999999854,1,0.575655834648916
42501368050000,1063.3930939647432,7.624999999999999,1,0.9726364880260988
42501368060000,,,0,
42501368070000,,,0,
42501368110000,,,0,
42501368120000,716.5199940431555,22.669347779568486,3,1.0
42501368140000,,,0,
42501368170000,593.0774422513502,8.905000000000655,1,0.9998070787701511
42501368180000,711.0536030101848,63.33399999999983,1,0.8719350122813151
42501368190000,537.0342295382221,9.909999999999854,1,0.960392621758277
42501368230000,836.9062333318029,9.237190017177289,3,1.0
42501368250000,835.4865406850898,50.04184138891779,2,1.0
42501368260000,727.5372186150405,18.066619242500423,3,1.0
42501368270000,901.9914284292372,38.25185438952928,2,1.0
42501368280000,961.2420929177323,44.1244999999999,1,0.999917284629255
42501368300000,1213.4203602681462,16.030000000000655,1,0.8341186112132227
42501368310000,1116.307131678227,45.16020620793532,2,1.0
42501368330000,18.863410826271885,23.02572976210758,2,1.0
42501368330100,23.07254255237833,19.26716737869088,2,1.0
42501368330200,18.884700465974525,13.92749999999978,2,1.0
42501368340000,1172.8133556348462,25.91255521518372,2,1.0
42501368370000,898.4894656861397,23.05663384596951,3,1.0
42501368410000,852.9406821112178,43.73160567303473,2,1.0
42501368450000,1010.8150199588388,43.71268819416227,2,1.0
42501368480000,789.6554014831515,32.133362783551185,4,1.0
42501368500100,892.1701655315984,84.10699999999997,1,0.625256573762308
42501368510000,589.2808733521533,73.70249618326838,2,1.0
42501368520000,,,0,
42501368540000,,,0,
42501368550000,763.074086003373,7.0912346184599935,4,1.0
42501368560000,827.9341268046231,59.494650891853,3,1.0
42501368570100,717.8043989996617,19.39050000000043,1,0.9434811904148607
42501368730000,1096.9515315828505,21.912554572143833,2,1.0
42501368750000,,,0,
42501369040000,783.5619398192745,13.31500633322509,3,1.0
42501369050000,855.6277419843008,10.686410786797257,2,1.0
42501369080000,776.7481758196179,5.989999999999782,1,0.99899871966758
42501369090000,839.1665294186172,152.06275756628224,2,1.0
42501369100000,998.3071457786929,72.02444269116764,3,1.0
42501369170000,894.9120872932838,16.78785833845798,3,1.0
42501369180000,548.1699126751182,100.10999999999967,1,1.0
42501369220000,,,0,
42501369230000,,,0,
42501369320000,971.9689900311084,16.25573399316018,4,1.0
42501369370000,939.0207131487617,101.82845283968416,3,1.0
42501369400000,978.1011537895396,17.048762879099375,4,1.0
42501369420000,897.0407493681885,4.776150527401054,2,1.0
42501369430000,918.5689220680745,20.709494222160853,3,1.0
42501369440000,,,0,
42501369460000,,,0,
42501369470000,,,0,
42501369480000,,,0,
42501369490000,,,0,
42501369500000,937.8246917012577,30.715257933758647,2,1.0
42501369510000,743.7862544129879,106.03956096211077,2,1.0
42501369520000,1230.9182393489614,10.805000000000291,1,0.9901129273129741
42501369520100,738.7701001326379,4.918735939266456,2,0.7701968807088063
42501369570000,936.1002890629532,28.97444752376414,3,1.0
42501369580000,,,0,
42501369590000,,,0,
42501369610000,1039.2650417525585,16.496578018950853,2,1.0
42501369620000,1035.263044341845,29.791174305663983,2,1.0
42501369630000,1157.3387224762282,54.9431001793006,2,1.0
42501369650000,1043.2934759556958,78.74140088705568,2,1.0
42501369670000,,,0,
42501369690000,497.9590753558208,20.27824999999939,2,1.0
42501369700000,734.245432660264,52.48100000000068,2,1.0
42501369710000,740.0826998867716,64.73733333333348,3,1.0
42501369750000,1248.4152367101624,19.07549999999992,1,0.9777429328347905
42501369770000,759.0323007247271,63.50429525085174,2,1.0
42501369790000,,,0,
42501369810100,836.4629165720461,31.56433921394786,2,1.0
42501369820000,658.3511404114522,128.45883350584938,2,1.0
42501369830000,860.4995641293833,8.122157966180515,4,1.0
42501369840000,872.3679837399418,15.645544855763031,3,1.0
42501369850000,925.8494770535507,13.010559358911088,3,1.0
42501369880100,,,0,
42501369900000,967.4510906518569,46.5082656382987,2,1.0
42501369910000,990.132888637266,10.155054595681824,2,1.0
42501369920000,1128.1742447330255,15.956822823831184,2,1.0
42501369930000,824.7993581201711,10.528049419700386,3,1.0
42501369940000,827.7565369551772,132.76599143210888,2,1.0
42501369950000,,,0,
42501369960000,,,0,
42501370020000,729.1375488223779,59.9385000000002,1,0.9171883570945132
42501370030000,847.3643430632284,22.6308288614069,3,1.0
42501370040000,1100.1806638463117,3.959999999999127,1,0.9412843901451277
42501370050000,,,0,
42501370060000,885.5225082688255,5.193999999999505,1,0.9998342102837251
42501370080000,846.7004429737788,38.033868966484995,3,1.0
42501370090000,735.9872526918173,10.223914601588987,3,1.0
42501370110000,1064.8797874350216,8.8700000000008,1,0.949562488944054
42501370120000,592.481634771742,18.62946477558418,2,1.0
42501370130000,,,0,
42501370140000,1130.7470404207368,61.57999999999993,1,0.8790002114374095
42501370150000,895.7564408369071,6.569999999999709,1,0.8773102316883864
42501370160000,,,0,
42501370170000,908.7886192603015,22.629330093102098,3,1.0
42501370180000,,,0,
42501370190000,828.9701185829206,14.93424096892449,5,1.0
42501370200000,653.1401688046824,16.23670138857162,2,1.0
42501370210000,658.9501866187453,14.961250000000293,2,1.0
42501370220000,1075.158366934309,23.86006935679118,3,1.0
42501370240000,794.4493843933511,68.4560723210675,2,0.9622803686607682
42501370250000,929.0688787020088,95.66532580602667,3,1.0
42501370270000,1040.9710741450285,15.568780081349608,2,1.0
42501370280000,,,0,
42501370290000,,,0,
42501370300000,1071.4685758862677,16.547201066675218,2,0.9856502210172061
42501370310000,903.9729960593196,44.25894172982758,2,1.0
42501370320000,907.5993163093505,24.18418722639955,3,1.0
42501370350000,,,0,
42501370360000,990.3663397551687,38.82089127707695,4,1.0
42501370370000,873.199338699127,40.76675827068812,2,1.0
42501370380000,942.7661716910328,16.390894502869525,3,1.0
42501370390000,,,0,
42501370400000,,,0,
42501370440000,455.4815508815323,59.102999999999156,1,0.9524330968397332
42501370460000,871.3599736229153,3.2024050464400804,3,1.0
42501370480000,873.010160524646,13.352452761824098,4,1.0
42501370590000,1160.6319873992177,20.399011539001,2,1.0
42501370600000,737.4493230087338,4.2205000000003565,1,0.9969108493575922
42501370610000,756.2729231387386,5.098385427200921,2,1.0
42501370920000,711.8526785821365,9.175910604929362,2,1.0
42501370930000,1292.9809127483952,38.16949999999997,1,0.9999999999999998
42501370940000,996.3720579817035,19.585000000000946,1,0.9999999999999996
42501370960000,793.2455074911163,12.120499999999993,1,0.9988786391305471
42501370970000,768.6680312264481,26.085508137271468,2,1.0
42501370980000,1154.2098090668983,16.9782829811562,2,1.0
42501370990000,1296.2478698287944,9.179999999999382,1,0.9086430022032069
42501371000000,1147.2955008439974,5.840075038525648,2,1.0
42501371040000,809.5527986895405,23.52932490285032,2,1.0
42501371050000,,,0,
42501371060000,1269.1057153110205,5.0191796841119585,2,1.0
42501371090000,,,0,
42501371100000,1272.5587451711926,27.305000000000295,1,0.9826889890906103
42501371110000,849.8794369568574,50.59949999999935,1,0.9818010930811885
42501371120000,,,0,
42501371140000,815.208009973357,37.809033561672855,2,1.0
42501371150000,1100.185777870556,3.959999999999127,1,0.7534730220604525
42501371160000,705.8185248678601,1.2299999999995634,1,0.8228104934787726
42501371170000,705.9179805060597,1.2299999999995634,1,0.9996068155028487
42501371240000,896.2641254580107,85.13333928976948,2,1.0
42501371250000,1168.7525547516032,9.440775052255033,2,1.0
42501371260000,683.550394103315,105.75,1,0.8260323569800848
42501371270000,773.25528106517,59.600499999999556,1,0.9918387085680154
42501371280000,785.1071754358824,6.7277596155083605,3,1.0
42501371350000,937.7882448788777,1.5100000000002183,1,0.9622555938217479
42501371370000,878.3316703592848,5.851750571134122,2,1.0
42501371380000,884.6006344118199,4.136325720302754,2,1.0
42501371400000,754.2655664737885,48.311333366290484,4,1.0
42501371410000,728.622366110086,9.4963251404241,4,1.0
42501371450000,919.046114842012,68.6886908647042,3,1.0
42501371460000,1042.1359071462027,22.66790205580538,4,1.0
42501371490000,890.3589131209889,9.353216808286728,4,1.0
42501371500000,894.6251300826812,7.104851550958442,3,1.0
42501371510000,857.6703804153398,11.966756902472541,3,1.0
42501371520000,661.9449565814294,4.470573264645837,2,1.0
42501371530000,761.0988796765321,84.60500000000047,1,0.9999999999999997
42501371540000,903.0943103509526,11.667808068064742,2,1.0
42501371550000,838.4461895796431,6.930318841588232,3,1.0
42501371560000,854.8717055583331,8.076908428285615,4,1.0
42501371570000,870.1654604119308,6.066434311581362,3,1.0
42501371580000,717.0388496045864,22.882999999999814,5,1.0
42501371580100,774.6373936186453,14.865546659898623,5,1.0
42501371590000,788.067618541389,25.22483275061817,3,1.0
42501371600000,875.8044717593519,9.010437452740446,3,1.0
42501371610000,873.6387380443708,4.935434424991301,4,1.0
42501371620000,874.5162388534093,5.187621403173537,4,1.0
42501371630000,912.2598921005252,9.112791770422724,4,1.0
42501371680000,689.4292703573661,22.62348891580536,2,1.0
42501371710000,,,0,
42501371740000,769.6029059455487,14.692241865248498,3,1.0
42501371750000,854.3255286108418,83.69168690349747,3,1.0
42501371760000,983.2041779794074,59.66644239087683,4,1.0
42501371790000,869.7943119919166,36.813158202327436,2,1.0
42501371800000,885.7372853154333,130.61234372133222,2,1.0
42501371820000,1265.3514168264269,31.513476744795053,2,1.0
42501371830000,874.0162900249992,19.85817732903994,4,1.0
42501371840000,734.7854929907195,10.15394308954023,3,1.0
42501371850000,864.258735549047,21.83840192203158,3,1.0
42501371870000,,,0,
42501371880000,830.7143144373439,56.79164073902933,3,1.0
42501371890000,898.3290689674568,67.51499999999942,1,0.9879785263775543
42501371900000,922.2414792902084,46.36754487572743,3,1.0
42501371910000,607.1695018413576,18.634869584054474,3,1.0
42501371910100,705.3421411502708,19.188899109907464,3,1.0
42501371920000,802.7394885232413,25.364279586109987,3,1.0
42501371930000,1248.4109984785516,19.07549999999992,1,0.8728400666650146
42501371940000,878.7433903461233,16.61617149396396,3,1.0
42501371950000,807.23071823155,44.51680302684086,2,1.0
42501371970000,818.9033274038048,106.8365287669568,3,1.0
42501371980000,787.6862960652659,8.445000000000011,3,1.0
42501371990000,559.6351042622429,20.444857256142246,2,1.0
42501372000000,650.8936427600711,26.458541733517098,2,1.0
42501372010000,880.4383973342061,18.448106844228246,3,1.0
42501372020000,876.2065120666306,20.154670620386458,3,1.0
42501372030000,782.3243447065685,6.739206401381907,3,1.0
42501372080000,932.9116198620152,53.785219807284,2,1.0
42501372100000,1078.8925652208975,9.290973027919652,2,1.0
42501372110000,1125.337600428095,15.004500000000007,1,0.9944627152176089
42501372170000,869.0793361875574,11.07800000000043,1,0.9784968426634614
42501372180000,861.8609022324451,120.43447966949061,2,1.0
42501372190000,988.5052731559684,37.41916726684835,3,1.0
42501372360000,770.1454241450828,15.38000000000011,1,0.9345130184293436
42501372380000,1050.5300603778717,111.4911617384108,2,1.0
42501372390000,982.5889332616214,30.198861385867602,2,1.0
42501372400000,820.2965485622317,21.63271188754011,5,1.0
42501372410000,869.340347418662,46.20632542586659,3,1.0
42501372420000,992.4946580024977,45.84887768295919,2,1.0
42501372430000,832.9057453229422,12.126297996024958,2,1.0
42501372530000,988.0680280951347,46.12027446039547,2,1.0
42501372540000,831.7595851483964,29.74699999999939,1,0.9210879432690269
42501372560000,651.6654351679434,8.033170241602747,2,1.0
42501372570000,926.3785931350623,18.824099813331042,4,1.0
42501372580000,837.29516663959,33.252456479509675,2,1.0
42501372610000,895.7175647999644,16.84885552569667,4,1.0
42501372620000,712.0431565256376,18.16542235982224,2,1.0
42501372620100,667.1322005079339,10.762185061846939,4,1.0
42501372630000,735.5480237699453,33.25123397799639,2,1.0
42501372640000,1060.0237437544604,12.94301817481733,2,1.0
42501372660000,849.5544359861735,99.35297629266441,2,1.0
42501372690000,1292.9709936275244,38.16949999999997,1,0.9729115512361802
42501372760000,890.7439889226252,7.9997144819903125,2,1.0
42501372770000,1054.7471512123368,7.031587293435934,2,1.0
42501372780000,759.2505579155442,117.53166942112051,2,1.0
42501372830000,803.7610393502489,111.7909317073557,3,1.0
42501372840000,952.1105023652881,2.4265084919038102,2,1.0
42501372850000,1050.0149126633562,18.63847180949362,2,1.0
42501372860000,1089.1749572576098,13.459607503789211,2,1.0
42501372870000,723.5192511458574,18.713876220599715,3,1.0
42501372880000,,,0,
42501372890000,,,0,
42501372900000,,,0,
42501372910000,847.9480607204766,33.63724907589553,2,1.0
42501372920000,1077.2179843954004,4.2905000000000655,1,0.9998127872622277
42501372930000,852.4974737848656,45.54223545627459,3,1.0
42501372940000,724.425296919151,53.56350566977249,2,1.0
42501372950000,790.027376676636,53.566262337032725,2,1.0
42501372960000,934.5536404082284,18.644907430842892,4,1.0
42501372970000,843.7154724437327,29.919844062886877,2,1.0
42501373000000,,,0,
42501373010000,,,0,
42501373020000,,,0,
42501373030000,,,0,
42501373040000,669.8533815456992,61.98350000000027,1,1.0
42501373050000,843.4536317886012,46.25975851002139,3,1.0
42501373060000,889.3278403392329,23.949146527779522,2,1.0
42501373070000,981.9237730690674,18.903612559266637,2,1.0
42501373090000,982.730899320968,33.797077821949166,2,1.0
42501373100000,963.7290823510561,12.33350000000064,1,0.9847469667757454
42501373110000,910.4613026891005,25.62618552117999,2,1.0
42501373120000,908.404208841772,100.45089991354895,2,1.0
42501373180100,882.4253896418516,12.233500000000276,1,0.9772198968131536
42501373190000,307.7050773434644,40.10599999999977,1,0.6260305311889375
42501373260000,794.4138168262059,21.458764860336156,3,1.0
42501373390000,915.4680158751223,16.797279576276555,2,1.0
42501373400000,869.1964101045395,0.8709999999991852,1,0.9983940634006632
42501373410000,852.1643469352673,52.06497393205316,2,1.0
42501373420000,740.734657622475,26.422200087692474,2,1.0
42501373430000,886.2490449019622,23.14392997351253,3,1.0
42501373440000,1056.536175385199,41.68744770894908,2,1.0
42501373460000,843.5566050567037,50.336213558469524,2,1.0
42501373470000,913.4413610055399,42.66073105181503,2,1.0
42501373510000,950.7448818717164,1.3192106067679803,2,1.0
42501373520000,944.3833918434707,27.440025318635982,2,1.0
42501373530000,815.7892409331507,38.23352894680337,2,1.0
42501373540000,,,0,
42501373550000,903.1227757857846,12.135575567159526,3,1.0
42501373560000,813.6412499103085,8.391265548955563,3,1.0
42501373570000,,,0,
42501373580000,906.1559695279483,11.738560893201985,4,1.0
42501373600000,995.1555771520696,12.159819521138038,3,1.0
42501373610000,853.3370633316988,6.664422924390829,3,1.0
42501373620000,934.7872960573636,5.287656566917702,4,1.0
42501373630000,906.3104405269511,3.0904594689485494,4,1.0
42501373640000,928.9558172256862,21.4031434192075,2,1.0
42501373650000,856.5465692171199,11.958239377907516,3,1.0
42501373660000,1003.837672014421,21.190358979505387,4,1.0
42501373680100,813.8038330590438,10.634775477370745,2,1.0
42501373690000,1004.1502869195667,4.993000000000393,1,0.9947888147315331
42501373700000,936.5397436835734,7.9896071681346,2,1.0
42501373710000,823.7530566793279,26.330959124822108,3,1.0
42501373720000,1267.3428903951724,27.32000000000062,1,0.9865644243647451
42501373740000,,,0,
42501373750000,857.0909480854758,13.728098028722298,3,1.0
42501373760000,1077.2221762664499,4.2905000000000655,1,0.9783792267586333
42501373780000,785.8654880607777,121.7363645961359,2,1.0
42501373790000,811.9587552661333,106.81881572605144,2,1.0
42501373800000,,,0,
42501373810000,1112.4761249578635,53.44605044610457,2,1.0
42501373820000,689.8393195737376,57.839729001835316,2,1.0
42501373860000,1013.5836165320906,13.836209198221821,3,1.0
42501373870000,927.8554181747712,9.241000000000895,1,0.9594558461333972
42501373880000,800.5937239425534,88.9942375505069,2,1.0
42501373890000,718.8563388129296,90.35753363121144,2,1.0
42501373900000,873.0451568016266,38.92290713202905,2,1.0
42501373910000,1290.7736567217623,11.798499999999876,1,0.9554103255652927
42501373920000,815.8593995794272,21.24033524400429,3,1.0
42501373930000,866.1139602036411,30.538243210053427,3,1.0
42501373940000,656.5480261874153,14.5600000000004,1,0.9956568452991313
42501373950000,929.1812535897456,77.33052987535713,2,1.0
42501373960000,325.6210358175367,99.06851099486266,2,1.0
42501373970000,876.0565553002967,72.8812849991479,3,1.0
42501373980000,1004.8493470180628,62.84944307313875,2,1.0
42501374010000,884.6383164749187,9.223292130932197,2,1.0
42501374020000,916.9432375378939,70.26615200507243,2,1.0
42501374030000,772.8413970774657,6.9261035125051205,2,1.0
42501374040000,883.243944937878,76.98341445426851,3,1.0
42501374050000,,,0,
42501374060000,867.285809666176,20.209689058631692,3,1.0
42501374070000,859.9635672183742,15.123406420450234,3,1.0
42501374080000,,,0,
42501374090000,983.139233696439,11.661211730895314,4,1.0
42501374100000,811.9155794986159,10.811068331984172,2,1.0
42501374110000,1005.9772498284478,21.12730159405127,2,1.0
42501374120000,419.3580888297557,11.611000000000786,1,0.9999999999999998
42501374130000,977.5724875126353,18.063727763800717,2,1.0
42501374140000,854.4528558046312,8.5877071097353,2,1.0
42501374150000,873.9217184881269,18.975446848629684,2,0.919131647657634
42501374160000,1301.3299724097974,38.58849999999984,1,0.9928615868097791
42501374180000,776.6425620491253,25.787647568190803,2,1.0
42501374190000,727.3199090554889,8.443550942270653,2,1.0
42501374200000,1080.37196481799,62.605236350112214,2,0.6659710516152363
42501374210000,741.6657491333372,58.84798768321755,2,1.0
42501374220000,781.1469289512713,71.47239823793242,2,1.0
42501374230000,817.2355261014683,48.24740372942756,2,1.0
42501374240000,978.1277423632354,10.235999999999876,1,0.9971730107313591
42501374250000,878.2687690315462,34.18226433056254,2,1.0
42501374260000,740.9809520449325,15.881774750232584,2,1.0
42501374270000,801.4482432708434,107.73475385575024,2,1.0
42501374280000,741.007339961033,23.478152367690015,3,1.0
42501374290000,745.454049580267,23.43441178623132,2,1.0
42501374300000,1293.3564181077904,6.397088440471311,2,1.0
42501374310000,1295.7585504660108,1.0474999999996726,1,0.9917568826941856
42501374320000,769.855682471121,17.238268252271144,2,1.0
42501374360000,914.4600248264074,26.814135400069436,3,1.0
42501374370000,,,0,
42501374370100,607.4070085475382,29.564708629056767,4,1.0
42501374430000,816.7292994956005,133.92327838033697,3,1.0
42501374440000,788.1317052628011,8.86331418315234,2,1.0
42501374450000,659.2626713861172,70.25762848222065,2,1.0
42501374460000,890.628320784867,17.37506513663843,2,1.0
42501374470100,836.8656832268731,73.44847614004314,2,1.0
42501374620000,791.3225780400645,9.246613333537702,3,1.0
42501374650000,896.4252367526375,84.27250385132655,3,1.0
42501374660000,891.4742777699526,84.3216409793108,3,1.0
42501374670000,959.391929872946,71.059159276188,2,1.0
42501374680000,998.8058469602615,5.405000000000655,1,1.0
42501374690000,960.3709679347052,56.20782887928067,3,1.0
42501374700000,307.7050165800389,40.10599999999977,1,0.6439845683612292
42501374710000,747.124773820747,5.653000000000247,1,0.924212519264841
42501374730000,833.8664081821074,3.031076430861125,2,1.0
42501374750000,966.9783905548627,10.158536740047584,4,1.0
42501374760000,759.7169509214119,88.96134633459936,2,1.0
42501374770000,823.3576570465041,78.11430026719252,2,1.0
42501374780000,919.7415289772302,0.4084999999995489,1,0.9754403352392533
42501374790000,653.8770754870935,7.338636864241905,2,1.0
42501374880000,797.7997100933235,53.655458858578186,2,1.0
42501374900000,779.0811974761724,35.113595791378856,2,1.0
42501374940000,795.6530081234597,12.3799999999992,1,0.304654948770238
42501374970000,775.5259247676574,30.665829801290254,2,1.0
42501374980000,679.1895179539887,6.980000000000473,1,0.9921445201186352
42501374990000,679.1921461089488,6.980000000000473,1,0.9998638499717123
42501375020000,,,0,
42501375040000,,,0,
42501375060000,687.7874069206159,46.697553107434246,2,1.0
42501375070000,750.9026169362934,0.8800000000001091,1,0.9942085277563617
42501375130000,869.7593840743733,7.5237877961023125,3,1.0
42501375140000,877.395496596227,7.556562376726794,3,1.0
42501375150000,877.8597865116734,24.867338273888258,3,1.0
42501375160000,535.0620332074243,15.156296243480321,2,1.0
42501375170000,884.0294200562645,78.12874162173362,2,1.0
42501375180000,1094.3051844214342,23.789999999999054,1,0.9717813526687235
42501375190000,780.3349077031891,34.2322294018833,2,1.0
42501375200000,663.6444199252053,1.235000000000582,1,0.9936686529670195
42501375210000,547.4192145234958,100.10999999999967,1,0.8799105127589202
42501375250000,809.4532033457485,5.458915958980334,3,1.0
42501375260000,931.4487218152166,9.779790183974404,4,1.0
42501375270000,987.1835666342303,3.3556301972060445,2,1.0
42501375310000,955.6538246073538,20.40558031700053,2,1.0
42501375320000,816.7990409315066,18.472390805897433,2,1.0
42501375330000,,,0,
42501375350000,976.9847644974519,17.007878584687756,4,1.0
42501375360000,572.6421993893451,24.000079660861257,2,1.0
42501375540000,704.9003694805098,38.20229879044212,4,1.0
42501375570000,653.745824573127,6.974999999999454,1,0.994146897482416
42501375580000,653.7512667932501,6.974999999999454,1,1.0
42501375700000,,,0,
42501375730000,869.7216433496495,47.81217890306809,2,1.0
42501375740000,547.6305357115322,46.597602970861416,2,1.0
42501375840000,,,0,
42501375920000,734.2445699851993,13.86006896248715,3,1.0
42501375980000,913.5648990071303,1.556686312059881,4,1.0
42501375990000,829.4287236942414,2.659722081929977,3,1.0
42501376000000,955.2081601575782,4.309812084669452,4,1.0
42501376010000,,,0,
42501376030000,804.2997044789756,5.973931894944898,3,1.0
42501376040000,792.2862261138398,9.237293301255269,3,1.0
42501376070000,840.3559422013363,26.424376668989755,3,1.0
42501376080000,753.1576277701488,19.09237891530404,3,1.0
42501376090000,906.5870865946865,68.69499999999971,1,0.9471864013330935
42501376100000,766.0165778420032,23.22529753974264,2,1.0
42501376110000,919.9854156022278,36.81996433526328,3,1.0
